step,mean_train_acc,std_train_acc,mean_val_acc,std_val_acc,lr,momentum,seed,layers,input_dim,n_runs,project,device,num_classes,save_results,dataset
0,0.7322375118732453,0.0014979163403299,0.7984799981117249,0.0055470347344916,0.01,0.0,42,1035,9216,10,mlp-cifar10tl-sgd,0,10,True,cifar10tl
1,0.826942503452301,0.0010738905191748,0.821969997882843,0.0039620814544239,0.01,0.0,42,1035,9216,10,mlp-cifar10tl-sgd,0,10,True,cifar10tl
2,0.8542100071907044,0.0007599467607486,0.8309100031852722,0.003078462162956,0.01,0.0,42,1035,9216,10,mlp-cifar10tl-sgd,0,10,True,cifar10tl
3,0.8728925108909606,0.0007030442144681,0.8365000009536743,0.0030564653938068,0.01,0.0,42,1035,9216,10,mlp-cifar10tl-sgd,0,10,True,cifar10tl
4,0.8878275036811829,0.0008260926379429,0.839740002155304,0.0030884349800105,0.01,0.0,42,1035,9216,10,mlp-cifar10tl-sgd,0,10,True,cifar10tl
5,0.900662499666214,0.0009112026643808,0.8415999948978424,0.0035552638478783,0.01,0.0,42,1035,9216,10,mlp-cifar10tl-sgd,0,10,True,cifar10tl
6,0.9122399985790252,0.0009859866156041,0.8427599966526031,0.0033263180559493,0.01,0.0,42,1035,9216,10,mlp-cifar10tl-sgd,0,10,True,cifar10tl
7,0.922664999961853,0.0007226954070968,0.8433299958705902,0.0035578177966295,0.01,0.0,42,1035,9216,10,mlp-cifar10tl-sgd,0,10,True,cifar10tl
8,0.93231999874115,0.0009908807657582,0.8434599995613098,0.0033239099625862,0.01,0.0,42,1035,9216,10,mlp-cifar10tl-sgd,0,10,True,cifar10tl
9,0.9414149999618532,0.0008903012520826,0.8435000061988831,0.0031241010502396,0.01,0.0,42,1035,9216,10,mlp-cifar10tl-sgd,0,10,True,cifar10tl
10,0.9497049987316132,0.0009050457410917,0.8434699892997741,0.0032246145350198,0.01,0.0,42,1035,9216,10,mlp-cifar10tl-sgd,0,10,True,cifar10tl
11,0.9574274957180025,0.0009173632153152,0.8433200001716614,0.0031820681578181,0.01,0.0,42,1035,9216,10,mlp-cifar10tl-sgd,0,10,True,cifar10tl
12,0.9642949938774108,0.001063528656521,0.842960000038147,0.0028800051659686,0.01,0.0,42,1035,9216,10,mlp-cifar10tl-sgd,0,10,True,cifar10tl
13,0.9706474959850312,0.0009673015800406,0.8428500056266784,0.0028577100308808,0.01,0.0,42,1035,9216,10,mlp-cifar10tl-sgd,0,10,True,cifar10tl
14,0.9760100066661834,0.0008718688752849,0.8426800072193146,0.0028212788744363,0.01,0.0,42,1035,9216,10,mlp-cifar10tl-sgd,0,10,True,cifar10tl
15,0.9807375073432922,0.0007273538219297,0.842249995470047,0.0028011634455128,0.01,0.0,42,1035,9216,10,mlp-cifar10tl-sgd,0,10,True,cifar10tl
16,0.984579998254776,0.0006846295355485,0.8421100020408631,0.0026949788859329,0.01,0.0,42,1035,9216,10,mlp-cifar10tl-sgd,0,10,True,cifar10tl
17,0.987957501411438,0.0004987436046418,0.8418500006198884,0.0027666759555914,0.01,0.0,42,1035,9216,10,mlp-cifar10tl-sgd,0,10,True,cifar10tl
18,0.99067000746727,0.0004046237610889,0.8417299926280976,0.003124754431244,0.01,0.0,42,1035,9216,10,mlp-cifar10tl-sgd,0,10,True,cifar10tl
19,0.9927149891853332,0.0002574319071056,0.8419699966907501,0.0032655974835052,0.01,0.0,42,1035,9216,10,mlp-cifar10tl-sgd,0,10,True,cifar10tl
20,0.994362497329712,0.0002098293459882,0.842170000076294,0.0033472541043946,0.01,0.0,42,1035,9216,10,mlp-cifar10tl-sgd,0,10,True,cifar10tl
21,0.9956350147724152,0.0001347204008406,0.8422000050544739,0.0035179562344844,0.01,0.0,42,1035,9216,10,mlp-cifar10tl-sgd,0,10,True,cifar10tl
22,0.9966950058937072,0.0001767062850389,0.8421899974346161,0.0034774747756257,0.01,0.0,42,1035,9216,10,mlp-cifar10tl-sgd,0,10,True,cifar10tl
23,0.9974224984645844,0.0001429419921867,0.8423600018024444,0.0034514379404273,0.01,0.0,42,1035,9216,10,mlp-cifar10tl-sgd,0,10,True,cifar10tl
24,0.9980374991893768,0.0001184553086021,0.8423799932003021,0.0033537462613847,0.01,0.0,42,1035,9216,10,mlp-cifar10tl-sgd,0,10,True,cifar10tl
25,0.9984625041484833,0.0001124971454136,0.8422999918460846,0.0033603547635157,0.01,0.0,42,1035,9216,10,mlp-cifar10tl-sgd,0,10,True,cifar10tl
26,0.9987950026988984,5.098930714660154e-05,0.8421999990940094,0.0031244231398569,0.01,0.0,42,1035,9216,10,mlp-cifar10tl-sgd,0,10,True,cifar10tl
27,0.999042510986328,6.620210913695433e-05,0.8423799932003021,0.0031470041692504,0.01,0.0,42,1035,9216,10,mlp-cifar10tl-sgd,0,10,True,cifar10tl
28,0.9992600023746492,9.885878196268308e-05,0.8424099981784821,0.0032577550349752,0.01,0.0,42,1035,9216,10,mlp-cifar10tl-sgd,0,10,True,cifar10tl
29,0.999402505159378,9.1138632318598e-05,0.8425399959087372,0.0034120989326758,0.01,0.0,42,1035,9216,10,mlp-cifar10tl-sgd,0,10,True,cifar10tl
30,0.9995324969291688,8.370699924108881e-05,0.8427399933338166,0.0033574390454653,0.01,0.0,42,1035,9216,10,mlp-cifar10tl-sgd,0,10,True,cifar10tl
31,0.9996499955654145,6.518684232528867e-05,0.8429100155830384,0.0032129296664402,0.01,0.0,42,1035,9216,10,mlp-cifar10tl-sgd,0,10,True,cifar10tl
32,0.999717503786087,6.0266269301461294e-05,0.8430199980735779,0.003310534447653,0.01,0.0,42,1035,9216,10,mlp-cifar10tl-sgd,0,10,True,cifar10tl
33,0.999795001745224,5.894930737482351e-05,0.8430299937725068,0.0034266796957395,0.01,0.0,42,1035,9216,10,mlp-cifar10tl-sgd,0,10,True,cifar10tl
34,0.9998624920845032,6.447332787530345e-05,0.8431799948215485,0.0033017534984878,0.01,0.0,42,1035,9216,10,mlp-cifar10tl-sgd,0,10,True,cifar10tl
35,0.9999049961566924,3.840279157012501e-05,0.8431399941444397,0.0031799947316291,0.01,0.0,42,1035,9216,10,mlp-cifar10tl-sgd,0,10,True,cifar10tl
36,0.9999350011348724,3.905086220936682e-05,0.8428799986839295,0.0031760935788889,0.01,0.0,42,1035,9216,10,mlp-cifar10tl-sgd,0,10,True,cifar10tl
37,0.999955004453659,2.692254711961032e-05,0.8429500043392182,0.003271157230204,0.01,0.0,42,1035,9216,10,mlp-cifar10tl-sgd,0,10,True,cifar10tl
38,0.9999650061130524,2.7837021271196865e-05,0.8429899990558625,0.0031926328530405,0.01,0.0,42,1035,9216,10,mlp-cifar10tl-sgd,0,10,True,cifar10tl
39,0.9999750077724456,2.499819157176977e-05,0.8430600047111512,0.0032125448394352,0.01,0.0,42,1035,9216,10,mlp-cifar10tl-sgd,0,10,True,cifar10tl
40,0.9999875128269196,1.2487173080444336e-05,0.84307000041008,0.0033301710801083,0.01,0.0,42,1035,9216,10,mlp-cifar10tl-sgd,0,10,True,cifar10tl
41,0.9999925076961518,1.1444683171430211e-05,0.8432399928569794,0.0032982335249512,0.01,0.0,42,1035,9216,10,mlp-cifar10tl-sgd,0,10,True,cifar10tl
42,0.999997502565384,7.492303848266601e-06,0.8433799982070923,0.0032510900298892,0.01,0.0,42,1035,9216,10,mlp-cifar10tl-sgd,0,10,True,cifar10tl
43,1.0,0.0,0.8432699978351593,0.0033609665435973,0.01,0.0,42,1035,9216,10,mlp-cifar10tl-sgd,0,10,True,cifar10tl
44,1.0,0.0,0.8433599948883057,0.0033371256491564,0.01,0.0,42,1035,9216,10,mlp-cifar10tl-sgd,0,10,True,cifar10tl
45,1.0,0.0,0.8433600068092346,0.0032286876259632,0.01,0.0,42,1035,9216,10,mlp-cifar10tl-sgd,0,10,True,cifar10tl
46,1.0,0.0,0.8433099985122681,0.0031851084227246,0.01,0.0,42,1035,9216,10,mlp-cifar10tl-sgd,0,10,True,cifar10tl
47,1.0,0.0,0.8433100044727325,0.0033446779152263,0.01,0.0,42,1035,9216,10,mlp-cifar10tl-sgd,0,10,True,cifar10tl
48,1.0,0.0,0.8433200120925903,0.0033268008772606,0.01,0.0,42,1035,9216,10,mlp-cifar10tl-sgd,0,10,True,cifar10tl
49,1.0,0.0,0.8433000028133393,0.0032233509194844,0.01,0.0,42,1035,9216,10,mlp-cifar10tl-sgd,0,10,True,cifar10tl
0,0.6685750007629394,0.0027732434153957,0.7698400020599365,0.0141822473653231,0.01,0.0,42,1035_1035,9216,10,mlp-cifar10tl-sgd,0,10,True,cifar10tl
1,0.8064325034618378,0.0009922975297623,0.8070900022983551,0.0102182735994632,0.01,0.0,42,1035_1035,9216,10,mlp-cifar10tl-sgd,0,10,True,cifar10tl
2,0.8393200099468231,0.001186216473133,0.8215700030326843,0.00857403428441,0.01,0.0,42,1035_1035,9216,10,mlp-cifar10tl-sgd,0,10,True,cifar10tl
3,0.8598299920558929,0.0012954569885082,0.8285600006580353,0.0069417852128055,0.01,0.0,42,1035_1035,9216,10,mlp-cifar10tl-sgd,0,10,True,cifar10tl
4,0.8761650025844574,0.0014947542558587,0.8324999988079071,0.0065147439673508,0.01,0.0,42,1035_1035,9216,10,mlp-cifar10tl-sgd,0,10,True,cifar10tl
5,0.8902949929237366,0.0010682811163876,0.8350399971008301,0.0062812663834949,0.01,0.0,42,1035_1035,9216,10,mlp-cifar10tl-sgd,0,10,True,cifar10tl
6,0.9024024963378906,0.0010349802637375,0.8361099898815155,0.0058932919868836,0.01,0.0,42,1035_1035,9216,10,mlp-cifar10tl-sgd,0,10,True,cifar10tl
7,0.914190000295639,0.0011242326848457,0.8370499968528747,0.006271878205821,0.01,0.0,42,1035_1035,9216,10,mlp-cifar10tl-sgd,0,10,True,cifar10tl
8,0.9249724924564362,0.001198460474177,0.837229996919632,0.0063017564244369,0.01,0.0,42,1035_1035,9216,10,mlp-cifar10tl-sgd,0,10,True,cifar10tl
9,0.9353424966335296,0.0010495865300158,0.8369799971580505,0.0059239903427972,0.01,0.0,42,1035_1035,9216,10,mlp-cifar10tl-sgd,0,10,True,cifar10tl
10,0.9450450003147124,0.0013718995287498,0.8363700032234191,0.0060527860986105,0.01,0.0,42,1035_1035,9216,10,mlp-cifar10tl-sgd,0,10,True,cifar10tl
11,0.9543324947357178,0.0011266200464303,0.8361399948596955,0.0061253968168675,0.01,0.0,42,1035_1035,9216,10,mlp-cifar10tl-sgd,0,10,True,cifar10tl
12,0.9629225075244904,0.0011514889283794,0.8359100043773651,0.005898555463596,0.01,0.0,42,1035_1035,9216,10,mlp-cifar10tl-sgd,0,10,True,cifar10tl
13,0.9708075106143952,0.0009791513782745,0.8359299957752228,0.0059639014358268,0.01,0.0,42,1035_1035,9216,10,mlp-cifar10tl-sgd,0,10,True,cifar10tl
14,0.9771874964237212,0.0008692073677241,0.8358399927616119,0.0055728313696257,0.01,0.0,42,1035_1035,9216,10,mlp-cifar10tl-sgd,0,10,True,cifar10tl
15,0.9822624981403352,0.0008738628780315,0.8360800087451935,0.005783040851788,0.01,0.0,42,1035_1035,9216,10,mlp-cifar10tl-sgd,0,10,True,cifar10tl
16,0.9848999977111816,0.0015979792624797,0.8347299993038177,0.0092220548762416,0.01,0.0,42,1035_1035,9216,10,mlp-cifar10tl-sgd,0,10,True,cifar10tl
17,0.9876649916172028,0.0011927508077829,0.8361800014972687,0.005520109719672,0.01,0.0,42,1035_1035,9216,10,mlp-cifar10tl-sgd,0,10,True,cifar10tl
18,0.9901624977588652,0.0009808906551186,0.8342299938201905,0.011183104431796,0.01,0.0,42,1035_1035,9216,10,mlp-cifar10tl-sgd,0,10,True,cifar10tl
19,0.9935200035572052,0.0012323707445172,0.8371399998664856,0.0046111174992982,0.01,0.0,42,1035_1035,9216,10,mlp-cifar10tl-sgd,0,10,True,cifar10tl
20,0.9964275062084198,0.0007844186094577,0.8384199976921082,0.003783071437824,0.01,0.0,42,1035_1035,9216,10,mlp-cifar10tl-sgd,0,10,True,cifar10tl
21,0.9977850019931792,0.0008423246361681,0.838540005683899,0.0038479095609579,0.01,0.0,42,1035_1035,9216,10,mlp-cifar10tl-sgd,0,10,True,cifar10tl
22,0.99879749417305,0.0001485218081709,0.8385999977588654,0.003317229467685,0.01,0.0,42,1035_1035,9216,10,mlp-cifar10tl-sgd,0,10,True,cifar10tl
23,0.9992300033569336,0.0001672650859981,0.838729989528656,0.0033873511290272,0.01,0.0,42,1035_1035,9216,10,mlp-cifar10tl-sgd,0,10,True,cifar10tl
24,0.999495005607605,9.669603379376984e-05,0.8387500047683716,0.0037344996624164,0.01,0.0,42,1035_1035,9216,10,mlp-cifar10tl-sgd,0,10,True,cifar10tl
25,0.9996750056743622,6.020559070261462e-05,0.8389299988746644,0.003614432688255,0.01,0.0,42,1035_1035,9216,10,mlp-cifar10tl-sgd,0,10,True,cifar10tl
26,0.9998025059700012,3.945154128287569e-05,0.8387900054454803,0.0035976287230962,0.01,0.0,42,1035_1035,9216,10,mlp-cifar10tl-sgd,0,10,True,cifar10tl
27,0.9998999953269958,4.744203834267934e-05,0.8385500073432922,0.0037443898123647,0.01,0.0,42,1035_1035,9216,10,mlp-cifar10tl-sgd,0,10,True,cifar10tl
28,0.9999475002288818,3.0524629750494964e-05,0.8387099981307984,0.0039893457341808,0.01,0.0,42,1035_1035,9216,10,mlp-cifar10tl-sgd,0,10,True,cifar10tl
29,0.9999775052070616,2.0768933775321627e-05,0.8389400005340576,0.0042797633803473,0.01,0.0,42,1035_1035,9216,10,mlp-cifar10tl-sgd,0,10,True,cifar10tl
30,0.9999850153923034,1.2234880950762647e-05,0.8389299988746644,0.0045199592368167,0.01,0.0,42,1035_1035,9216,10,mlp-cifar10tl-sgd,0,10,True,cifar10tl
31,0.9999950051307678,9.989738464355468e-06,0.8391000092029571,0.0043664693753678,0.01,0.0,42,1035_1035,9216,10,mlp-cifar10tl-sgd,0,10,True,cifar10tl
32,1.0,0.0,0.839110004901886,0.0044914218638712,0.01,0.0,42,1035_1035,9216,10,mlp-cifar10tl-sgd,0,10,True,cifar10tl
33,1.0,0.0,0.8392899990081787,0.0043697678083404,0.01,0.0,42,1035_1035,9216,10,mlp-cifar10tl-sgd,0,10,True,cifar10tl
34,1.0,0.0,0.8390799999237061,0.0040960502047452,0.01,0.0,42,1035_1035,9216,10,mlp-cifar10tl-sgd,0,10,True,cifar10tl
35,1.0,0.0,0.839330005645752,0.0040264280629822,0.01,0.0,42,1035_1035,9216,10,mlp-cifar10tl-sgd,0,10,True,cifar10tl
36,1.0,0.0,0.8394599974155426,0.0039787421395707,0.01,0.0,42,1035_1035,9216,10,mlp-cifar10tl-sgd,0,10,True,cifar10tl
37,1.0,0.0,0.8394799947738647,0.0039073794830407,0.01,0.0,42,1035_1035,9216,10,mlp-cifar10tl-sgd,0,10,True,cifar10tl
38,1.0,0.0,0.8394099950790406,0.0038066943370597,0.01,0.0,42,1035_1035,9216,10,mlp-cifar10tl-sgd,0,10,True,cifar10tl
39,1.0,0.0,0.8395300030708313,0.0037395305856882,0.01,0.0,42,1035_1035,9216,10,mlp-cifar10tl-sgd,0,10,True,cifar10tl
40,1.0,0.0,0.8395399987697602,0.0037561178672044,0.01,0.0,42,1035_1035,9216,10,mlp-cifar10tl-sgd,0,10,True,cifar10tl
41,1.0,0.0,0.839410001039505,0.0036713594542499,0.01,0.0,42,1035_1035,9216,10,mlp-cifar10tl-sgd,0,10,True,cifar10tl
42,1.0,0.0,0.8394500017166138,0.0037143640014652,0.01,0.0,42,1035_1035,9216,10,mlp-cifar10tl-sgd,0,10,True,cifar10tl
43,1.0,0.0,0.839440006017685,0.0037013970534135,0.01,0.0,42,1035_1035,9216,10,mlp-cifar10tl-sgd,0,10,True,cifar10tl
44,1.0,0.0,0.8394699990749359,0.0034421201099039,0.01,0.0,42,1035_1035,9216,10,mlp-cifar10tl-sgd,0,10,True,cifar10tl
45,1.0,0.0,0.839409989118576,0.0034027799697868,0.01,0.0,42,1035_1035,9216,10,mlp-cifar10tl-sgd,0,10,True,cifar10tl
46,1.0,0.0,0.8393899977207184,0.0034806394514846,0.01,0.0,42,1035_1035,9216,10,mlp-cifar10tl-sgd,0,10,True,cifar10tl
47,1.0,0.0,0.8393500089645386,0.0036335307878684,0.01,0.0,42,1035_1035,9216,10,mlp-cifar10tl-sgd,0,10,True,cifar10tl
48,1.0,0.0,0.8392899990081787,0.0036710807241116,0.01,0.0,42,1035_1035,9216,10,mlp-cifar10tl-sgd,0,10,True,cifar10tl
49,1.0,0.0,0.8393500030040741,0.0037084312164106,0.01,0.0,42,1035_1035,9216,10,mlp-cifar10tl-sgd,0,10,True,cifar10tl
0,0.534375,0.0067062118355491,0.718120002746582,0.0099263093545294,0.01,0.0,42,1035_1035_1035,9216,10,mlp-cifar10tl-sgd,0,10,True,cifar10tl
1,0.7707125008106231,0.0021126302545736,0.7900299906730652,0.0081004978418141,0.01,0.0,42,1035_1035_1035,9216,10,mlp-cifar10tl-sgd,0,10,True,cifar10tl
2,0.8194475054740906,0.0013603518489943,0.8137899994850158,0.0053746525360181,0.01,0.0,42,1035_1035_1035,9216,10,mlp-cifar10tl-sgd,0,10,True,cifar10tl
3,0.8451774895191193,0.0011736400510038,0.824100011587143,0.0045389455755418,0.01,0.0,42,1035_1035_1035,9216,10,mlp-cifar10tl-sgd,0,10,True,cifar10tl
4,0.8634425044059754,0.0009459841204045,0.830130010843277,0.0046065280253334,0.01,0.0,42,1035_1035_1035,9216,10,mlp-cifar10tl-sgd,0,10,True,cifar10tl
5,0.8784975051879883,0.0009458729499987,0.8333499908447266,0.0041393889432145,0.01,0.0,42,1035_1035_1035,9216,10,mlp-cifar10tl-sgd,0,10,True,cifar10tl
6,0.8919500052928925,0.0007572979557531,0.835209995508194,0.0036748930977797,0.01,0.0,42,1035_1035_1035,9216,10,mlp-cifar10tl-sgd,0,10,True,cifar10tl
7,0.9043325006961822,0.0010193730686539,0.8364000082015991,0.0041216529690611,0.01,0.0,42,1035_1035_1035,9216,10,mlp-cifar10tl-sgd,0,10,True,cifar10tl
8,0.9161074995994568,0.0007873324087027,0.8366199970245362,0.0036082753952104,0.01,0.0,42,1035_1035_1035,9216,10,mlp-cifar10tl-sgd,0,10,True,cifar10tl
9,0.9274550020694732,0.0008141580455463,0.8365799963474274,0.0035332099939481,0.01,0.0,42,1035_1035_1035,9216,10,mlp-cifar10tl-sgd,0,10,True,cifar10tl
10,0.938262504339218,0.000799862563712,0.8357700049877167,0.0045934840189024,0.01,0.0,42,1035_1035_1035,9216,10,mlp-cifar10tl-sgd,0,10,True,cifar10tl
11,0.9486100018024444,0.0008602430202627,0.8344600021839141,0.0050667984219705,0.01,0.0,42,1035_1035_1035,9216,10,mlp-cifar10tl-sgd,0,10,True,cifar10tl
12,0.9583374977111816,0.000610456075186,0.8326399981975555,0.0077232447257684,0.01,0.0,42,1035_1035_1035,9216,10,mlp-cifar10tl-sgd,0,10,True,cifar10tl
13,0.965567511320114,0.0012915587607775,0.8303499937057495,0.0095836530562827,0.01,0.0,42,1035_1035_1035,9216,10,mlp-cifar10tl-sgd,0,10,True,cifar10tl
14,0.9684399962425232,0.0023887523837282,0.8334800064563751,0.0104818696696143,0.01,0.0,42,1035_1035_1035,9216,10,mlp-cifar10tl-sgd,0,10,True,cifar10tl
15,0.9728399991989136,0.0030880935524414,0.8292100071907044,0.0153876121059548,0.01,0.0,42,1035_1035_1035,9216,10,mlp-cifar10tl-sgd,0,10,True,cifar10tl
16,0.9785300016403198,0.0030900243401485,0.8339499950408935,0.00506778997606,0.01,0.0,42,1035_1035_1035,9216,10,mlp-cifar10tl-sgd,0,10,True,cifar10tl
17,0.980982494354248,0.0039181888690452,0.834660005569458,0.0044634459700817,0.01,0.0,42,1035_1035_1035,9216,10,mlp-cifar10tl-sgd,0,10,True,cifar10tl
18,0.9872749984264374,0.0024734152501038,0.8348099946975708,0.0045366158332615,0.01,0.0,42,1035_1035_1035,9216,10,mlp-cifar10tl-sgd,0,10,True,cifar10tl
19,0.9912349998950958,0.0029131585627956,0.8354700088500977,0.0044278758371736,0.01,0.0,42,1035_1035_1035,9216,10,mlp-cifar10tl-sgd,0,10,True,cifar10tl
20,0.9944474935531616,0.002731766397962,0.8323599994182587,0.009464272279343,0.01,0.0,42,1035_1035_1035,9216,10,mlp-cifar10tl-sgd,0,10,True,cifar10tl
21,0.9933449983596802,0.003144555363747,0.8374400019645691,0.0035550581293239,0.01,0.0,42,1035_1035_1035,9216,10,mlp-cifar10tl-sgd,0,10,True,cifar10tl
22,0.9978275001049042,0.0020808526782355,0.835779994726181,0.004195673668989,0.01,0.0,42,1035_1035_1035,9216,10,mlp-cifar10tl-sgd,0,10,True,cifar10tl
23,0.9988425076007844,0.0015809079278655,0.8361499965190887,0.0034531925057752,0.01,0.0,42,1035_1035_1035,9216,10,mlp-cifar10tl-sgd,0,10,True,cifar10tl
24,0.999084997177124,0.0017302239604462,0.8358600020408631,0.0041653713117562,0.01,0.0,42,1035_1035_1035,9216,10,mlp-cifar10tl-sgd,0,10,True,cifar10tl
25,0.999857497215271,6.986356906771272e-05,0.8364999890327454,0.0039580310800842,0.01,0.0,42,1035_1035_1035,9216,10,mlp-cifar10tl-sgd,0,10,True,cifar10tl
26,0.9999425053596496,3.5446348538284835e-05,0.8368199944496155,0.0036113078554232,0.01,0.0,42,1035_1035_1035,9216,10,mlp-cifar10tl-sgd,0,10,True,cifar10tl
27,0.9999750018119812,2.738523323032641e-05,0.8366600036621094,0.0034363416158302,0.01,0.0,42,1035_1035_1035,9216,10,mlp-cifar10tl-sgd,0,10,True,cifar10tl
28,0.9999949991703032,1.500248908996582e-05,0.8367399930953979,0.0030166882979514,0.01,0.0,42,1035_1035_1035,9216,10,mlp-cifar10tl-sgd,0,10,True,cifar10tl
29,1.0,0.0,0.8371699988842011,0.0029960121976267,0.01,0.0,42,1035_1035_1035,9216,10,mlp-cifar10tl-sgd,0,10,True,cifar10tl
30,1.0,0.0,0.8374099969863892,0.0030933577724742,0.01,0.0,42,1035_1035_1035,9216,10,mlp-cifar10tl-sgd,0,10,True,cifar10tl
31,1.0,0.0,0.8375500023365021,0.0032723827663024,0.01,0.0,42,1035_1035_1035,9216,10,mlp-cifar10tl-sgd,0,10,True,cifar10tl
32,1.0,0.0,0.8375999987125397,0.0031840217554956,0.01,0.0,42,1035_1035_1035,9216,10,mlp-cifar10tl-sgd,0,10,True,cifar10tl
33,1.0,0.0,0.8375599980354309,0.0032031865272633,0.01,0.0,42,1035_1035_1035,9216,10,mlp-cifar10tl-sgd,0,10,True,cifar10tl
34,1.0,0.0,0.8377199947834015,0.0032288660954339,0.01,0.0,42,1035_1035_1035,9216,10,mlp-cifar10tl-sgd,0,10,True,cifar10tl
35,1.0,0.0,0.8377199947834015,0.0031713773248801,0.01,0.0,42,1035_1035_1035,9216,10,mlp-cifar10tl-sgd,0,10,True,cifar10tl
36,1.0,0.0,0.8379199981689454,0.0032556989413139,0.01,0.0,42,1035_1035_1035,9216,10,mlp-cifar10tl-sgd,0,10,True,cifar10tl
37,1.0,0.0,0.8380300045013428,0.003260994501529,0.01,0.0,42,1035_1035_1035,9216,10,mlp-cifar10tl-sgd,0,10,True,cifar10tl
38,1.0,0.0,0.8380600035190582,0.003270534664763,0.01,0.0,42,1035_1035_1035,9216,10,mlp-cifar10tl-sgd,0,10,True,cifar10tl
39,1.0,0.0,0.8382200002670288,0.0032145947119566,0.01,0.0,42,1035_1035_1035,9216,10,mlp-cifar10tl-sgd,0,10,True,cifar10tl
40,1.0,0.0,0.8382100045681,0.0030576029895509,0.01,0.0,42,1035_1035_1035,9216,10,mlp-cifar10tl-sgd,0,10,True,cifar10tl
41,1.0,0.0,0.8382500052452088,0.0030774275466424,0.01,0.0,42,1035_1035_1035,9216,10,mlp-cifar10tl-sgd,0,10,True,cifar10tl
42,1.0,0.0,0.8383000016212463,0.0030783118291908,0.01,0.0,42,1035_1035_1035,9216,10,mlp-cifar10tl-sgd,0,10,True,cifar10tl
43,1.0,0.0,0.8383199989795684,0.0030603336324105,0.01,0.0,42,1035_1035_1035,9216,10,mlp-cifar10tl-sgd,0,10,True,cifar10tl
44,1.0,0.0,0.8382800042629241,0.0029284123453339,0.01,0.0,42,1035_1035_1035,9216,10,mlp-cifar10tl-sgd,0,10,True,cifar10tl
45,1.0,0.0,0.8382299959659576,0.0029305572162535,0.01,0.0,42,1035_1035_1035,9216,10,mlp-cifar10tl-sgd,0,10,True,cifar10tl
46,1.0,0.0,0.8383600056171417,0.0030190087985035,0.01,0.0,42,1035_1035_1035,9216,10,mlp-cifar10tl-sgd,0,10,True,cifar10tl
47,1.0,0.0,0.8383500099182128,0.0030017565436443,0.01,0.0,42,1035_1035_1035,9216,10,mlp-cifar10tl-sgd,0,10,True,cifar10tl
48,1.0,0.0,0.838400000333786,0.0029792730729182,0.01,0.0,42,1035_1035_1035,9216,10,mlp-cifar10tl-sgd,0,10,True,cifar10tl
49,1.0,0.0,0.8384400010108948,0.0031003808999411,0.01,0.0,42,1035_1035_1035,9216,10,mlp-cifar10tl-sgd,0,10,True,cifar10tl
0,0.1674450017511844,0.0334070861717285,0.1957400023937225,0.0501332094315039,0.01,0.0,42,1035_1035_1035_1035_1035,9216,10,mlp-cifar10tl-sgd,0,10,True,cifar10tl
1,0.3103774964809417,0.0142522875850554,0.4878000020980835,0.0222169329496185,0.01,0.0,42,1035_1035_1035_1035_1035,9216,10,mlp-cifar10tl-sgd,0,10,True,cifar10tl
2,0.5938900053501129,0.0095040829636371,0.687119996547699,0.0150923081351874,0.01,0.0,42,1035_1035_1035_1035_1035,9216,10,mlp-cifar10tl-sgd,0,10,True,cifar10tl
3,0.7259424984455108,0.0060760010470683,0.7610199928283692,0.0105704086151222,0.01,0.0,42,1035_1035_1035_1035_1035,9216,10,mlp-cifar10tl-sgd,0,10,True,cifar10tl
4,0.7844224989414215,0.0039722009754886,0.7893800020217896,0.0081702923747547,0.01,0.0,42,1035_1035_1035_1035_1035,9216,10,mlp-cifar10tl-sgd,0,10,True,cifar10tl
5,0.8156349956989288,0.0027584212193954,0.8030699968338013,0.0083652871483499,0.01,0.0,42,1035_1035_1035_1035_1035,9216,10,mlp-cifar10tl-sgd,0,10,True,cifar10tl
6,0.8374324977397919,0.0021688454683055,0.8106100022792816,0.0087787706610089,0.01,0.0,42,1035_1035_1035_1035_1035,9216,10,mlp-cifar10tl-sgd,0,10,True,cifar10tl
7,0.8557199954986572,0.0015895599544407,0.8152499973773957,0.0096857779405041,0.01,0.0,42,1035_1035_1035_1035_1035,9216,10,mlp-cifar10tl-sgd,0,10,True,cifar10tl
8,0.8716725051403046,0.0010770539817999,0.8181899905204773,0.0107363371593006,0.01,0.0,42,1035_1035_1035_1035_1035,9216,10,mlp-cifar10tl-sgd,0,10,True,cifar10tl
9,0.8867100000381469,0.0009929329706769,0.8209500074386596,0.0107120752984638,0.01,0.0,42,1035_1035_1035_1035_1035,9216,10,mlp-cifar10tl-sgd,0,10,True,cifar10tl
10,0.9009849905967712,0.0013016484291699,0.8221899926662445,0.0100555856414241,0.01,0.0,42,1035_1035_1035_1035_1035,9216,10,mlp-cifar10tl-sgd,0,10,True,cifar10tl
11,0.9148150026798249,0.0014232065142402,0.8215399980545044,0.0098934583870318,0.01,0.0,42,1035_1035_1035_1035_1035,9216,10,mlp-cifar10tl-sgd,0,10,True,cifar10tl
12,0.9253349900245668,0.0022036359840506,0.8180500030517578,0.014565996910778,0.01,0.0,42,1035_1035_1035_1035_1035,9216,10,mlp-cifar10tl-sgd,0,10,True,cifar10tl
13,0.9313799977302551,0.002453000818226,0.810559993982315,0.0303505882597663,0.01,0.0,42,1035_1035_1035_1035_1035,9216,10,mlp-cifar10tl-sgd,0,10,True,cifar10tl
14,0.940417504310608,0.0023269712522123,0.8287400007247925,0.0073406031833387,0.01,0.0,42,1035_1035_1035_1035_1035,9216,10,mlp-cifar10tl-sgd,0,10,True,cifar10tl
15,0.9509049952030182,0.0028109128130831,0.832480001449585,0.0081694230985508,0.01,0.0,42,1035_1035_1035_1035_1035,9216,10,mlp-cifar10tl-sgd,0,10,True,cifar10tl
16,0.9591800034046172,0.0026555856440703,0.7998800039291382,0.0634243654138954,0.01,0.0,42,1035_1035_1035_1035_1035,9216,10,mlp-cifar10tl-sgd,0,10,True,cifar10tl
17,0.967862504720688,0.0037484241008069,0.8359399914741517,0.0074662173953685,0.01,0.0,42,1035_1035_1035_1035_1035,9216,10,mlp-cifar10tl-sgd,0,10,True,cifar10tl
18,0.972912496328354,0.0035463236270449,0.8374000012874603,0.0072563114512885,0.01,0.0,42,1035_1035_1035_1035_1035,9216,10,mlp-cifar10tl-sgd,0,10,True,cifar10tl
19,0.9789775013923644,0.0036128061474816,0.8336399972438813,0.0148529531425956,0.01,0.0,42,1035_1035_1035_1035_1035,9216,10,mlp-cifar10tl-sgd,0,10,True,cifar10tl
20,0.9865799963474272,0.0022068327871954,0.8377500057220459,0.0085385253042782,0.01,0.0,42,1035_1035_1035_1035_1035,9216,10,mlp-cifar10tl-sgd,0,10,True,cifar10tl
21,0.990622502565384,0.0055897966296454,0.8394999980926514,0.0055869561168672,0.01,0.0,42,1035_1035_1035_1035_1035,9216,10,mlp-cifar10tl-sgd,0,10,True,cifar10tl
22,0.9931425154209136,0.006956720374615,0.8404399931430817,0.0055877041839459,0.01,0.0,42,1035_1035_1035_1035_1035,9216,10,mlp-cifar10tl-sgd,0,10,True,cifar10tl
23,0.9969775021076204,0.0032167465250627,0.8419400036334992,0.0045600833738235,0.01,0.0,42,1035_1035_1035_1035_1035,9216,10,mlp-cifar10tl-sgd,0,10,True,cifar10tl
24,0.9996650040149688,0.0002667346760263,0.8425799965858459,0.0037501367628886,0.01,0.0,42,1035_1035_1035_1035_1035,9216,10,mlp-cifar10tl-sgd,0,10,True,cifar10tl
25,0.999920004606247,5.6794835230877854e-05,0.842960000038147,0.0030699310991473,0.01,0.0,42,1035_1035_1035_1035_1035,9216,10,mlp-cifar10tl-sgd,0,10,True,cifar10tl
26,0.9999800086021424,2.449044824279236e-05,0.8430000007152557,0.0030053358418492,0.01,0.0,42,1035_1035_1035_1035_1035,9216,10,mlp-cifar10tl-sgd,0,10,True,cifar10tl
27,1.0,0.0,0.8428299963474274,0.0029775996689493,0.01,0.0,42,1035_1035_1035_1035_1035,9216,10,mlp-cifar10tl-sgd,0,10,True,cifar10tl
28,1.0,0.0,0.8428099930286408,0.0028963628649691,0.01,0.0,42,1035_1035_1035_1035_1035,9216,10,mlp-cifar10tl-sgd,0,10,True,cifar10tl
29,1.0,0.0,0.8426000058650971,0.0028523649432667,0.01,0.0,42,1035_1035_1035_1035_1035,9216,10,mlp-cifar10tl-sgd,0,10,True,cifar10tl
30,1.0,0.0,0.8427699983119965,0.0028827224688766,0.01,0.0,42,1035_1035_1035_1035_1035,9216,10,mlp-cifar10tl-sgd,0,10,True,cifar10tl
31,1.0,0.0,0.8428099989891052,0.0030823505706307,0.01,0.0,42,1035_1035_1035_1035_1035,9216,10,mlp-cifar10tl-sgd,0,10,True,cifar10tl
32,1.0,0.0,0.8429700016975403,0.0031752271046419,0.01,0.0,42,1035_1035_1035_1035_1035,9216,10,mlp-cifar10tl-sgd,0,10,True,cifar10tl
33,1.0,0.0,0.8428600132465363,0.0031394945474832,0.01,0.0,42,1035_1035_1035_1035_1035,9216,10,mlp-cifar10tl-sgd,0,10,True,cifar10tl
34,1.0,0.0,0.8430399894714355,0.0030348642742004,0.01,0.0,42,1035_1035_1035_1035_1035,9216,10,mlp-cifar10tl-sgd,0,10,True,cifar10tl
35,1.0,0.0,0.843040007352829,0.0029288856555372,0.01,0.0,42,1035_1035_1035_1035_1035,9216,10,mlp-cifar10tl-sgd,0,10,True,cifar10tl
36,1.0,0.0,0.8431200087070465,0.0028099147078137,0.01,0.0,42,1035_1035_1035_1035_1035,9216,10,mlp-cifar10tl-sgd,0,10,True,cifar10tl
37,1.0,0.0,0.8431400001049042,0.0026672912730935,0.01,0.0,42,1035_1035_1035_1035_1035,9216,10,mlp-cifar10tl-sgd,0,10,True,cifar10tl
38,1.0,0.0,0.8431199967861176,0.0028230556701695,0.01,0.0,42,1035_1035_1035_1035_1035,9216,10,mlp-cifar10tl-sgd,0,10,True,cifar10tl
39,1.0,0.0,0.8432400047779083,0.0030073891043212,0.01,0.0,42,1035_1035_1035_1035_1035,9216,10,mlp-cifar10tl-sgd,0,10,True,cifar10tl
40,1.0,0.0,0.843260008096695,0.003002062590419,0.01,0.0,42,1035_1035_1035_1035_1035,9216,10,mlp-cifar10tl-sgd,0,10,True,cifar10tl
41,1.0,0.0,0.8432700037956238,0.0030020241633165,0.01,0.0,42,1035_1035_1035_1035_1035,9216,10,mlp-cifar10tl-sgd,0,10,True,cifar10tl
42,1.0,0.0,0.8433299958705902,0.0029973531782957,0.01,0.0,42,1035_1035_1035_1035_1035,9216,10,mlp-cifar10tl-sgd,0,10,True,cifar10tl
43,1.0,0.0,0.843450003862381,0.0029496684174755,0.01,0.0,42,1035_1035_1035_1035_1035,9216,10,mlp-cifar10tl-sgd,0,10,True,cifar10tl
44,1.0,0.0,0.8433800041675568,0.0029640587443618,0.01,0.0,42,1035_1035_1035_1035_1035,9216,10,mlp-cifar10tl-sgd,0,10,True,cifar10tl
45,1.0,0.0,0.843340003490448,0.0029408182227681,0.01,0.0,42,1035_1035_1035_1035_1035,9216,10,mlp-cifar10tl-sgd,0,10,True,cifar10tl
46,1.0,0.0,0.8433499991893768,0.003003422226391,0.01,0.0,42,1035_1035_1035_1035_1035,9216,10,mlp-cifar10tl-sgd,0,10,True,cifar10tl
47,1.0,0.0,0.8433900058269501,0.0029190589491198,0.01,0.0,42,1035_1035_1035_1035_1035,9216,10,mlp-cifar10tl-sgd,0,10,True,cifar10tl
48,1.0,0.0,0.8434000015258789,0.0029600726695373,0.01,0.0,42,1035_1035_1035_1035_1035,9216,10,mlp-cifar10tl-sgd,0,10,True,cifar10tl
49,1.0,0.0,0.8433099925518036,0.00298879570811,0.01,0.0,42,1035_1035_1035_1035_1035,9216,10,mlp-cifar10tl-sgd,0,10,True,cifar10tl
0,0.100985001027584,0.0045471162551748,0.1028700001537799,0.006077673149575,0.01,0.0,42,1035_1035_1035_1035_1035_1035_1035_1035_1035_1035,9216,10,mlp-cifar10tl-sgd,0,10,True,cifar10tl
1,0.1027225002646446,0.0051200886643561,0.1048999987542629,0.0062582738382161,0.01,0.0,42,1035_1035_1035_1035_1035_1035_1035_1035_1035_1035,9216,10,mlp-cifar10tl-sgd,0,10,True,cifar10tl
2,0.1048099994659423,0.0062724317129222,0.1071599997580051,0.0071752641127889,0.01,0.0,42,1035_1035_1035_1035_1035_1035_1035_1035_1035_1035,9216,10,mlp-cifar10tl-sgd,0,10,True,cifar10tl
3,0.1071924999356269,0.0077253559543428,0.1092699997127056,0.0082410018777015,0.01,0.0,42,1035_1035_1035_1035_1035_1035_1035_1035_1035_1035,9216,10,mlp-cifar10tl-sgd,0,10,True,cifar10tl
4,0.1098900020122528,0.0094827488397854,0.1118900001049041,0.0099653850513903,0.01,0.0,42,1035_1035_1035_1035_1035_1035_1035_1035_1035_1035,9216,10,mlp-cifar10tl-sgd,0,10,True,cifar10tl
5,0.1125150002539157,0.0109162852151129,0.1145599991083145,0.0113619701427976,0.01,0.0,42,1035_1035_1035_1035_1035_1035_1035_1035_1035_1035,9216,10,mlp-cifar10tl-sgd,0,10,True,cifar10tl
6,0.1151475004851818,0.0120810665292079,0.1168300010263919,0.0125712424154253,0.01,0.0,42,1035_1035_1035_1035_1035_1035_1035_1035_1035_1035,9216,10,mlp-cifar10tl-sgd,0,10,True,cifar10tl
7,0.1178374990820884,0.0133084205568321,0.1191300004720687,0.0137592197264387,0.01,0.0,42,1035_1035_1035_1035_1035_1035_1035_1035_1035_1035,9216,10,mlp-cifar10tl-sgd,0,10,True,cifar10tl
8,0.1204950012266636,0.0146546240264107,0.1212700001895427,0.0149638248947584,0.01,0.0,42,1035_1035_1035_1035_1035_1035_1035_1035_1035_1035,9216,10,mlp-cifar10tl-sgd,0,10,True,cifar10tl
9,0.122962499409914,0.0157275734876277,0.1233999997377395,0.0162833646135664,0.01,0.0,42,1035_1035_1035_1035_1035_1035_1035_1035_1035_1035,9216,10,mlp-cifar10tl-sgd,0,10,True,cifar10tl
10,0.1251124992966651,0.0167640809811335,0.1257000014185905,0.0174268201970151,0.01,0.0,42,1035_1035_1035_1035_1035_1035_1035_1035_1035_1035,9216,10,mlp-cifar10tl-sgd,0,10,True,cifar10tl
11,0.1270774975419044,0.0179111629835468,0.1282800003886222,0.0186027855702326,0.01,0.0,42,1035_1035_1035_1035_1035_1035_1035_1035_1035_1035,9216,10,mlp-cifar10tl-sgd,0,10,True,cifar10tl
12,0.129272498935461,0.0190165160690095,0.1299200013279914,0.0192808102728947,0.01,0.0,42,1035_1035_1035_1035_1035_1035_1035_1035_1035_1035,9216,10,mlp-cifar10tl-sgd,0,10,True,cifar10tl
13,0.1312299996614456,0.0195480279532517,0.1312600016593933,0.0203976075179575,0.01,0.0,42,1035_1035_1035_1035_1035_1035_1035_1035_1035_1035,9216,10,mlp-cifar10tl-sgd,0,10,True,cifar10tl
14,0.1332174994051456,0.0206004536932413,0.1334099985659122,0.0225083290478722,0.01,0.0,42,1035_1035_1035_1035_1035_1035_1035_1035_1035_1035,9216,10,mlp-cifar10tl-sgd,0,10,True,cifar10tl
15,0.1349824994802475,0.0216235959952497,0.134960001707077,0.0233100927811011,0.01,0.0,42,1035_1035_1035_1035_1035_1035_1035_1035_1035_1035,9216,10,mlp-cifar10tl-sgd,0,10,True,cifar10tl
16,0.1365975014865398,0.022703882108148,0.1366300009191036,0.0247826980504679,0.01,0.0,42,1035_1035_1035_1035_1035_1035_1035_1035_1035_1035,9216,10,mlp-cifar10tl-sgd,0,10,True,cifar10tl
17,0.1379699990153312,0.0237522511413821,0.1377599984407425,0.0263017177697014,0.01,0.0,42,1035_1035_1035_1035_1035_1035_1035_1035_1035_1035,9216,10,mlp-cifar10tl-sgd,0,10,True,cifar10tl
18,0.1391775004565715,0.0247485350588651,0.1391099996864795,0.0275635794076339,0.01,0.0,42,1035_1035_1035_1035_1035_1035_1035_1035_1035_1035,9216,10,mlp-cifar10tl-sgd,0,10,True,cifar10tl
19,0.1406225003302097,0.0255867173845516,0.1402100011706352,0.0289915668308508,0.01,0.0,42,1035_1035_1035_1035_1035_1035_1035_1035_1035_1035,9216,10,mlp-cifar10tl-sgd,0,10,True,cifar10tl
20,0.1417575001716614,0.0260958541043419,0.1412999995052814,0.0302051962124402,0.01,0.0,42,1035_1035_1035_1035_1035_1035_1035_1035_1035_1035,9216,10,mlp-cifar10tl-sgd,0,10,True,cifar10tl
21,0.142900002002716,0.0267658512588333,0.142060000449419,0.0306564252484392,0.01,0.0,42,1035_1035_1035_1035_1035_1035_1035_1035_1035_1035,9216,10,mlp-cifar10tl-sgd,0,10,True,cifar10tl
22,0.1436849996447563,0.0271464988370894,0.1429999977350235,0.03124323786411,0.01,0.0,42,1035_1035_1035_1035_1035_1035_1035_1035_1035_1035,9216,10,mlp-cifar10tl-sgd,0,10,True,cifar10tl
23,0.1444775015115738,0.0275577447827394,0.143960003554821,0.0316805066148384,0.01,0.0,42,1035_1035_1035_1035_1035_1035_1035_1035_1035_1035,9216,10,mlp-cifar10tl-sgd,0,10,True,cifar10tl
24,0.1449500009417534,0.0280303385357546,0.1443400010466575,0.0321821438097316,0.01,0.0,42,1035_1035_1035_1035_1035_1035_1035_1035_1035_1035,9216,10,mlp-cifar10tl-sgd,0,10,True,cifar10tl
25,0.1456100016832351,0.0286516046887065,0.1451999999582767,0.0328847079866896,0.01,0.0,42,1035_1035_1035_1035_1035_1035_1035_1035_1035_1035,9216,10,mlp-cifar10tl-sgd,0,10,True,cifar10tl
26,0.1464300014078617,0.0297311561085899,0.1454299993813038,0.0335374418808299,0.01,0.0,42,1035_1035_1035_1035_1035_1035_1035_1035_1035_1035,9216,10,mlp-cifar10tl-sgd,0,10,True,cifar10tl
27,0.1469824999570846,0.0311127148522695,0.1458199992775917,0.0346880899652902,0.01,0.0,42,1035_1035_1035_1035_1035_1035_1035_1035_1035_1035,9216,10,mlp-cifar10tl-sgd,0,10,True,cifar10tl
28,0.1475374966859817,0.0325833986537722,0.1464500002562999,0.0361867999485952,0.01,0.0,42,1035_1035_1035_1035_1035_1035_1035_1035_1035_1035,9216,10,mlp-cifar10tl-sgd,0,10,True,cifar10tl
29,0.1478075005114078,0.0340141351252827,0.1470999985933304,0.0376888558943323,0.01,0.0,42,1035_1035_1035_1035_1035_1035_1035_1035_1035_1035,9216,10,mlp-cifar10tl-sgd,0,10,True,cifar10tl
30,0.1479924999177456,0.0357487301971365,0.1468100003898143,0.0387800322129474,0.01,0.0,42,1035_1035_1035_1035_1035_1035_1035_1035_1035_1035,9216,10,mlp-cifar10tl-sgd,0,10,True,cifar10tl
31,0.1481750018894672,0.0375311931326425,0.1469300009310245,0.040295213896563,0.01,0.0,42,1035_1035_1035_1035_1035_1035_1035_1035_1035_1035,9216,10,mlp-cifar10tl-sgd,0,10,True,cifar10tl
32,0.1482625000178813,0.0391634575102156,0.1469899982213974,0.0419282101321471,0.01,0.0,42,1035_1035_1035_1035_1035_1035_1035_1035_1035_1035,9216,10,mlp-cifar10tl-sgd,0,10,True,cifar10tl
33,0.1481849983334541,0.0408543637622416,0.1467200011014938,0.0432510282099712,0.01,0.0,42,1035_1035_1035_1035_1035_1035_1035_1035_1035_1035,9216,10,mlp-cifar10tl-sgd,0,10,True,cifar10tl
34,0.1480325005948543,0.0425004324727417,0.1461299993097782,0.0446803333460022,0.01,0.0,42,1035_1035_1035_1035_1035_1035_1035_1035_1035_1035,9216,10,mlp-cifar10tl-sgd,0,10,True,cifar10tl
35,0.1477975003421306,0.0442588974091593,0.1459200002253055,0.0466926711344542,0.01,0.0,42,1035_1035_1035_1035_1035_1035_1035_1035_1035_1035,9216,10,mlp-cifar10tl-sgd,0,10,True,cifar10tl
36,0.147792499512434,0.0463649831064449,0.1457700006663799,0.0491389866313445,0.01,0.0,42,1035_1035_1035_1035_1035_1035_1035_1035_1035_1035,9216,10,mlp-cifar10tl-sgd,0,10,True,cifar10tl
37,0.1477174997329711,0.0487940243269465,0.1459200024604797,0.0516562275902817,0.01,0.0,42,1035_1035_1035_1035_1035_1035_1035_1035_1035_1035,9216,10,mlp-cifar10tl-sgd,0,10,True,cifar10tl
38,0.147614999115467,0.0512574663340636,0.146009998768568,0.0546973566115256,0.01,0.0,42,1035_1035_1035_1035_1035_1035_1035_1035_1035_1035,9216,10,mlp-cifar10tl-sgd,0,10,True,cifar10tl
39,0.147495000064373,0.0538571652018832,0.1458099998533725,0.0566625168922434,0.01,0.0,42,1035_1035_1035_1035_1035_1035_1035_1035_1035_1035,9216,10,mlp-cifar10tl-sgd,0,10,True,cifar10tl
40,0.1473025001585483,0.0564633411481085,0.1456399999558925,0.0592974881119836,0.01,0.0,42,1035_1035_1035_1035_1035_1035_1035_1035_1035_1035,9216,10,mlp-cifar10tl-sgd,0,10,True,cifar10tl
41,0.1472750015556812,0.0591375848312966,0.1458499990403652,0.0618056680367924,0.01,0.0,42,1035_1035_1035_1035_1035_1035_1035_1035_1035_1035,9216,10,mlp-cifar10tl-sgd,0,10,True,cifar10tl
42,0.147155000269413,0.0612363775659205,0.145559998601675,0.064133081571694,0.01,0.0,42,1035_1035_1035_1035_1035_1035_1035_1035_1035_1035,9216,10,mlp-cifar10tl-sgd,0,10,True,cifar10tl
43,0.1472525008022785,0.0634882288337698,0.1457899987697601,0.0663439599291632,0.01,0.0,42,1035_1035_1035_1035_1035_1035_1035_1035_1035_1035,9216,10,mlp-cifar10tl-sgd,0,10,True,cifar10tl
44,0.1471524998545646,0.0653893944041053,0.1457400001585483,0.0679582561421033,0.01,0.0,42,1035_1035_1035_1035_1035_1035_1035_1035_1035_1035,9216,10,mlp-cifar10tl-sgd,0,10,True,cifar10tl
45,0.1471199996769428,0.0669961761310743,0.1460500001907348,0.0700503122482618,0.01,0.0,42,1035_1035_1035_1035_1035_1035_1035_1035_1035_1035,9216,10,mlp-cifar10tl-sgd,0,10,True,cifar10tl
46,0.1473975002765655,0.0687700301206954,0.1461400002241134,0.0712931998439037,0.01,0.0,42,1035_1035_1035_1035_1035_1035_1035_1035_1035_1035,9216,10,mlp-cifar10tl-sgd,0,10,True,cifar10tl
47,0.1474975019693374,0.070214136069896,0.1463700018823147,0.0726797123476407,0.01,0.0,42,1035_1035_1035_1035_1035_1035_1035_1035_1035_1035,9216,10,mlp-cifar10tl-sgd,0,10,True,cifar10tl
48,0.1474325016140937,0.0712413830959241,0.1462599992752075,0.0736068461280829,0.01,0.0,42,1035_1035_1035_1035_1035_1035_1035_1035_1035_1035,9216,10,mlp-cifar10tl-sgd,0,10,True,cifar10tl
49,0.1471650019288063,0.0721593241431546,0.1453699991106987,0.0745016478558456,0.01,0.0,42,1035_1035_1035_1035_1035_1035_1035_1035_1035_1035,9216,10,mlp-cifar10tl-sgd,0,10,True,cifar10tl
0,0.1318400010466575,0.0191024203309227,0.1358000002801418,0.0305269721756887,0.01,,42,10_10,9216,10,mlp-cifar10tl-sgd,0,10,True,cifar10tl
1,0.1829600021243095,0.0525266277480757,0.1730299994349479,0.0546322041739541,0.01,,42,10_10,9216,10,mlp-cifar10tl-sgd,0,10,True,cifar10tl
2,0.2205600015819072,0.0708197084346346,0.2035899974405765,0.0723431739954795,0.01,,42,10_10,9216,10,mlp-cifar10tl-sgd,0,10,True,cifar10tl
3,0.2516000039875507,0.0759993718941423,0.2250699982047081,0.0792079172258113,0.01,,42,10_10,9216,10,mlp-cifar10tl-sgd,0,10,True,cifar10tl
4,0.2876800000667572,0.0801192704351601,0.2642599985003471,0.0781830053765806,0.01,,42,10_10,9216,10,mlp-cifar10tl-sgd,0,10,True,cifar10tl
5,0.3328000053763389,0.0718059650645195,0.2970699980854988,0.0773797505930024,0.01,,42,10_10,9216,10,mlp-cifar10tl-sgd,0,10,True,cifar10tl
6,0.3797600001096725,0.0721926746223763,0.3287900015711784,0.0754875179171771,0.01,,42,10_10,9216,10,mlp-cifar10tl-sgd,0,10,True,cifar10tl
7,0.4187199980020523,0.0789225032724351,0.3582100003957748,0.0723824110830965,0.01,,42,10_10,9216,10,mlp-cifar10tl-sgd,0,10,True,cifar10tl
8,0.4599999994039535,0.0781923885043199,0.3913299977779388,0.0718443384658821,0.01,,42,10_10,9216,10,mlp-cifar10tl-sgd,0,10,True,cifar10tl
9,0.5003200024366379,0.0788892473895988,0.427140000462532,0.068291707781731,0.01,,42,10_10,9216,10,mlp-cifar10tl-sgd,0,10,True,cifar10tl
10,0.5499200075864792,0.0765397355555794,0.4626299947500228,0.0636613818917618,0.01,,42,10_10,9216,10,mlp-cifar10tl-sgd,0,10,True,cifar10tl
11,0.5923200100660324,0.0692138241865402,0.4901000052690506,0.0577616334682509,0.01,,42,10_10,9216,10,mlp-cifar10tl-sgd,0,10,True,cifar10tl
12,0.6259200036525726,0.0631971747608798,0.5058899968862534,0.0513432826109685,0.01,,42,10_10,9216,10,mlp-cifar10tl-sgd,0,10,True,cifar10tl
13,0.6434400081634521,0.053639450288215,0.530170002579689,0.0417656539444241,0.01,,42,10_10,9216,10,mlp-cifar10tl-sgd,0,10,True,cifar10tl
14,0.668479996919632,0.0475111046426825,0.52987000644207,0.0437660817042895,0.01,,42,10_10,9216,10,mlp-cifar10tl-sgd,0,10,True,cifar10tl
15,0.6995999991893769,0.0460709076212482,0.5521900057792664,0.0419735533851128,0.01,,42,10_10,9216,10,mlp-cifar10tl-sgd,0,10,True,cifar10tl
16,0.7163999974727631,0.0507785752538544,0.5643199920654297,0.0372226259515517,0.01,,42,10_10,9216,10,mlp-cifar10tl-sgd,0,10,True,cifar10tl
17,0.7494400024414063,0.0446766821203997,0.5795700073242187,0.0327980558996897,0.01,,42,10_10,9216,10,mlp-cifar10tl-sgd,0,10,True,cifar10tl
18,0.7598399996757508,0.0454366168982771,0.585809999704361,0.0330320507820943,0.01,,42,10_10,9216,10,mlp-cifar10tl-sgd,0,10,True,cifar10tl
19,0.7850400030612945,0.0413082925399252,0.5946700036525726,0.0289825882069877,0.01,,42,10_10,9216,10,mlp-cifar10tl-sgd,0,10,True,cifar10tl
20,0.7924799978733063,0.0386346197432231,0.6037800014019012,0.0286560816013551,0.01,,42,10_10,9216,10,mlp-cifar10tl-sgd,0,10,True,cifar10tl
21,0.8170400023460388,0.0405767209773339,0.6058100044727326,0.0253791439554445,0.01,,42,10_10,9216,10,mlp-cifar10tl-sgd,0,10,True,cifar10tl
22,0.8192800045013428,0.038912332100886,0.6152799963951111,0.0253792019926235,0.01,,42,10_10,9216,10,mlp-cifar10tl-sgd,0,10,True,cifar10tl
23,0.8363200068473816,0.0423338296197093,0.6140099942684174,0.02504106286025,0.01,,42,10_10,9216,10,mlp-cifar10tl-sgd,0,10,True,cifar10tl
24,0.85,0.0389300936645956,0.6285600066184998,0.0246932519052696,0.01,,42,10_10,9216,10,mlp-cifar10tl-sgd,0,10,True,cifar10tl
25,0.8648000001907349,0.0389691168333685,0.6275600075721741,0.023955462061788,0.01,,42,10_10,9216,10,mlp-cifar10tl-sgd,0,10,True,cifar10tl
26,0.8759199917316437,0.0379109664088473,0.6360599935054779,0.0250821140110617,0.01,,42,10_10,9216,10,mlp-cifar10tl-sgd,0,10,True,cifar10tl
27,0.879119998216629,0.0421144428081831,0.6294500052928924,0.0311982211169695,0.01,,42,10_10,9216,10,mlp-cifar10tl-sgd,0,10,True,cifar10tl
28,0.8925600051879883,0.0394231237665073,0.6423799991607666,0.0253124826230339,0.01,,42,10_10,9216,10,mlp-cifar10tl-sgd,0,10,True,cifar10tl
29,0.9043199956417084,0.0391545855777909,0.6436299979686737,0.0262338726202664,0.01,,42,10_10,9216,10,mlp-cifar10tl-sgd,0,10,True,cifar10tl
30,0.91496000289917,0.0396029074652741,0.6464399993419647,0.0256014921275788,0.01,,42,10_10,9216,10,mlp-cifar10tl-sgd,0,10,True,cifar10tl
31,0.922240000963211,0.0363147085173065,0.6483399868011475,0.0256407628823988,0.01,,42,10_10,9216,10,mlp-cifar10tl-sgd,0,10,True,cifar10tl
32,0.9328800022602082,0.0328262348997185,0.6509700000286103,0.0244119285234492,0.01,,42,10_10,9216,10,mlp-cifar10tl-sgd,0,10,True,cifar10tl
33,0.9403200030326844,0.0282892496839514,0.6526999950408936,0.0228888228452871,0.01,,42,10_10,9216,10,mlp-cifar10tl-sgd,0,10,True,cifar10tl
34,0.9485599994659424,0.0236644480744953,0.6551200032234192,0.0205722098168927,0.01,,42,10_10,9216,10,mlp-cifar10tl-sgd,0,10,True,cifar10tl
35,0.9548800051212312,0.0202360501826835,0.6562699973583221,0.0201929660297066,0.01,,42,10_10,9216,10,mlp-cifar10tl-sgd,0,10,True,cifar10tl
36,0.958399987220764,0.0191097884180368,0.6574099957942963,0.0199915685308437,0.01,,42,10_10,9216,10,mlp-cifar10tl-sgd,0,10,True,cifar10tl
37,0.9629600048065186,0.01659705500785,0.6580700039863586,0.0195607736506751,0.01,,42,10_10,9216,10,mlp-cifar10tl-sgd,0,10,True,cifar10tl
38,0.9670400083065032,0.0158222148613229,0.6594400048255921,0.0191964603157803,0.01,,42,10_10,9216,10,mlp-cifar10tl-sgd,0,10,True,cifar10tl
39,0.9706399977207184,0.0145020798806099,0.6603699922561646,0.0188610147632057,0.01,,42,10_10,9216,10,mlp-cifar10tl-sgd,0,10,True,cifar10tl
40,0.9739199876785278,0.0145907344860792,0.6616400003433227,0.0189243936297376,0.01,,42,10_10,9216,10,mlp-cifar10tl-sgd,0,10,True,cifar10tl
41,0.9771199941635133,0.013373161561725,0.6624100089073182,0.0181865657627243,0.01,,42,10_10,9216,10,mlp-cifar10tl-sgd,0,10,True,cifar10tl
42,0.9806399941444396,0.0113125750100175,0.6629000008106232,0.0182612145764135,0.01,,42,10_10,9216,10,mlp-cifar10tl-sgd,0,10,True,cifar10tl
43,0.9829599976539612,0.0095401405021924,0.663699996471405,0.0178905048530971,0.01,,42,10_10,9216,10,mlp-cifar10tl-sgd,0,10,True,cifar10tl
44,0.9854399979114532,0.0081881838257481,0.6645899891853333,0.0179412645727663,0.01,,42,10_10,9216,10,mlp-cifar10tl-sgd,0,10,True,cifar10tl
45,0.9867199897766114,0.0074033571457736,0.664980000257492,0.0178225059016034,0.01,,42,10_10,9216,10,mlp-cifar10tl-sgd,0,10,True,cifar10tl
46,0.988720005750656,0.0064740655384303,0.6653400003910065,0.0173876487670677,0.01,,42,10_10,9216,10,mlp-cifar10tl-sgd,0,10,True,cifar10tl
47,0.9901599943637848,0.00608261803116,0.6653900027275086,0.0174167989789436,0.01,,42,10_10,9216,10,mlp-cifar10tl-sgd,0,10,True,cifar10tl
48,0.991520005464554,0.005260559652775,0.6659199953079223,0.0174299076390604,0.01,,42,10_10,9216,10,mlp-cifar10tl-sgd,0,10,True,cifar10tl
49,0.9921599924564362,0.0051074785483532,0.6661499977111817,0.0173236460148184,0.01,,42,10_10,9216,10,mlp-cifar10tl-sgd,0,10,True,cifar10tl
0,0.141839999705553,0.0249929271391528,0.1919800013303756,0.0316140099063338,0.01,,42,18_18,9216,10,mlp-cifar10tl-sgd,0,10,True,cifar10tl
1,0.2414400041103363,0.0414424719811374,0.2560699999332428,0.03509142527447,0.01,,42,18_18,9216,10,mlp-cifar10tl-sgd,0,10,True,cifar10tl
2,0.3053600043058395,0.0446770413430459,0.2970599979162216,0.0444493917104625,0.01,,42,18_18,9216,10,mlp-cifar10tl-sgd,0,10,True,cifar10tl
3,0.3567999988794327,0.0555421259654303,0.3374100029468536,0.0502330046020643,0.01,,42,18_18,9216,10,mlp-cifar10tl-sgd,0,10,True,cifar10tl
4,0.4187199980020523,0.0744483255307352,0.3825899988412857,0.060070385029465,0.01,,42,18_18,9216,10,mlp-cifar10tl-sgd,0,10,True,cifar10tl
5,0.4752800017595291,0.0908128279017039,0.4278300046920776,0.0640937007129427,0.01,,42,18_18,9216,10,mlp-cifar10tl-sgd,0,10,True,cifar10tl
6,0.5325600028038024,0.0936307992572486,0.474359992146492,0.0622362359398742,0.01,,42,18_18,9216,10,mlp-cifar10tl-sgd,0,10,True,cifar10tl
7,0.5887200057506561,0.0872993497995944,0.5130399972200393,0.0588101014933608,0.01,,42,18_18,9216,10,mlp-cifar10tl-sgd,0,10,True,cifar10tl
8,0.6327999949455261,0.0777943911790561,0.5474100023508072,0.0527222804947346,0.01,,42,18_18,9216,10,mlp-cifar10tl-sgd,0,10,True,cifar10tl
9,0.6726400077342987,0.0706221942582337,0.575479993224144,0.0495275471308884,0.01,,42,18_18,9216,10,mlp-cifar10tl-sgd,0,10,True,cifar10tl
10,0.709119999408722,0.0681759635006602,0.5968000084161759,0.0448886675274973,0.01,,42,18_18,9216,10,mlp-cifar10tl-sgd,0,10,True,cifar10tl
11,0.7363200008869171,0.0619410753450573,0.6130899906158447,0.0408730390659032,0.01,,42,18_18,9216,10,mlp-cifar10tl-sgd,0,10,True,cifar10tl
12,0.7611999988555909,0.0553346185292905,0.627319997549057,0.0369648559612714,0.01,,42,18_18,9216,10,mlp-cifar10tl-sgd,0,10,True,cifar10tl
13,0.7816000044345855,0.0528775333633479,0.6379999935626983,0.0328192358568833,0.01,,42,18_18,9216,10,mlp-cifar10tl-sgd,0,10,True,cifar10tl
14,0.7976000010967255,0.0522051354990127,0.6473300039768219,0.0302945569683921,0.01,,42,18_18,9216,10,mlp-cifar10tl-sgd,0,10,True,cifar10tl
15,0.8149600028991699,0.0496954552869594,0.6558400094509125,0.0279603668203741,0.01,,42,18_18,9216,10,mlp-cifar10tl-sgd,0,10,True,cifar10tl
16,0.8303199946880341,0.049814311895739,0.662749993801117,0.0257532591837178,0.01,,42,18_18,9216,10,mlp-cifar10tl-sgd,0,10,True,cifar10tl
17,0.8454399943351746,0.0480077349388836,0.668450003862381,0.023480167119431,0.01,,42,18_18,9216,10,mlp-cifar10tl-sgd,0,10,True,cifar10tl
18,0.8593599975109101,0.0451171596950363,0.6739500045776368,0.0216522168683918,0.01,,42,18_18,9216,10,mlp-cifar10tl-sgd,0,10,True,cifar10tl
19,0.8717599928379058,0.0443145846495315,0.67814000248909,0.019902612935527,0.01,,42,18_18,9216,10,mlp-cifar10tl-sgd,0,10,True,cifar10tl
20,0.8834399938583374,0.0419798848939808,0.6821300029754639,0.018769123887995,0.01,,42,18_18,9216,10,mlp-cifar10tl-sgd,0,10,True,cifar10tl
21,0.8943999886512757,0.0386425686870202,0.6853000044822692,0.0178725599803628,0.01,,42,18_18,9216,10,mlp-cifar10tl-sgd,0,10,True,cifar10tl
22,0.903520005941391,0.0359006663260956,0.6889500081539154,0.0164134238607644,0.01,,42,18_18,9216,10,mlp-cifar10tl-sgd,0,10,True,cifar10tl
23,0.9131199955940248,0.0356609825687843,0.6914800047874451,0.015399802214008,0.01,,42,18_18,9216,10,mlp-cifar10tl-sgd,0,10,True,cifar10tl
24,0.922400003671646,0.0332168719336261,0.6937100052833557,0.0147286465881661,0.01,,42,18_18,9216,10,mlp-cifar10tl-sgd,0,10,True,cifar10tl
25,0.9331200122833252,0.0307832665118176,0.6958700060844422,0.0143192266574765,0.01,,42,18_18,9216,10,mlp-cifar10tl-sgd,0,10,True,cifar10tl
26,0.9409600019454956,0.0277654099816497,0.6977199912071228,0.0141456601979318,0.01,,42,18_18,9216,10,mlp-cifar10tl-sgd,0,10,True,cifar10tl
27,0.9476799964904784,0.0249189431870546,0.6992000043392181,0.0141574707184102,0.01,,42,18_18,9216,10,mlp-cifar10tl-sgd,0,10,True,cifar10tl
28,0.9542400002479552,0.0202947891923715,0.7003700017929078,0.0141809115700966,0.01,,42,18_18,9216,10,mlp-cifar10tl-sgd,0,10,True,cifar10tl
29,0.9597599983215332,0.0177089341173937,0.7014299988746643,0.0135763788441372,0.01,,42,18_18,9216,10,mlp-cifar10tl-sgd,0,10,True,cifar10tl
30,0.9643199980258942,0.0160048022432603,0.7030000030994416,0.012992457105089,0.01,,42,18_18,9216,10,mlp-cifar10tl-sgd,0,10,True,cifar10tl
31,0.9686399936676026,0.013915403943582,0.7042699933052063,0.0123034134837965,0.01,,42,18_18,9216,10,mlp-cifar10tl-sgd,0,10,True,cifar10tl
32,0.972079998254776,0.0121455199583419,0.7052199959754943,0.0121626367045943,0.01,,42,18_18,9216,10,mlp-cifar10tl-sgd,0,10,True,cifar10tl
33,0.9752000033855438,0.0109632158542995,0.7057999968528748,0.0113798096517939,0.01,,42,18_18,9216,10,mlp-cifar10tl-sgd,0,10,True,cifar10tl
34,0.9775200009346008,0.0098918970061184,0.7068399965763092,0.0108849584404052,0.01,,42,18_18,9216,10,mlp-cifar10tl-sgd,0,10,True,cifar10tl
35,0.979280000925064,0.0085749364127966,0.7072500050067901,0.0111642447047859,0.01,,42,18_18,9216,10,mlp-cifar10tl-sgd,0,10,True,cifar10tl
36,0.9816799998283386,0.008325001840593,0.7077700018882751,0.0111746237992598,0.01,,42,18_18,9216,10,mlp-cifar10tl-sgd,0,10,True,cifar10tl
37,0.9845599949359892,0.0074537476197258,0.708430004119873,0.0110685188484978,0.01,,42,18_18,9216,10,mlp-cifar10tl-sgd,0,10,True,cifar10tl
38,0.9868800103664398,0.0063919865226392,0.7090500056743622,0.0110433860861874,0.01,,42,18_18,9216,10,mlp-cifar10tl-sgd,0,10,True,cifar10tl
39,0.9890399992465972,0.0055431448754684,0.7096499979496003,0.0111065078741262,0.01,,42,18_18,9216,10,mlp-cifar10tl-sgd,0,10,True,cifar10tl
40,0.9910399973392486,0.0047705732789072,0.709720003604889,0.0112761438761657,0.01,,42,18_18,9216,10,mlp-cifar10tl-sgd,0,10,True,cifar10tl
41,0.9921600043773652,0.0045789069491649,0.7102500140666962,0.0111855495615763,0.01,,42,18_18,9216,10,mlp-cifar10tl-sgd,0,10,True,cifar10tl
42,0.9934399962425232,0.0041383990361578,0.7105899930000306,0.0112152108160056,0.01,,42,18_18,9216,10,mlp-cifar10tl-sgd,0,10,True,cifar10tl
43,0.9943199932575226,0.003477005297745,0.7111799955368042,0.011126431374464,0.01,,42,18_18,9216,10,mlp-cifar10tl-sgd,0,10,True,cifar10tl
44,0.9948799908161164,0.0031839630763087,0.7114599883556366,0.0111760639629678,0.01,,42,18_18,9216,10,mlp-cifar10tl-sgd,0,10,True,cifar10tl
45,0.9956799983978272,0.0029328424871914,0.7116200029850006,0.0112847425970715,0.01,,42,18_18,9216,10,mlp-cifar10tl-sgd,0,10,True,cifar10tl
46,0.9963199973106384,0.0025848656773458,0.7118999898433686,0.0114283805633898,0.01,,42,18_18,9216,10,mlp-cifar10tl-sgd,0,10,True,cifar10tl
47,0.996639996767044,0.0025996827375812,0.7121899902820588,0.0113735165457003,0.01,,42,18_18,9216,10,mlp-cifar10tl-sgd,0,10,True,cifar10tl
48,0.9972799897193908,0.0018658988811957,0.7123699903488159,0.0114531270783055,0.01,,42,18_18,9216,10,mlp-cifar10tl-sgd,0,10,True,cifar10tl
49,0.9975999891757964,0.002023854264559,0.7123800039291381,0.0114209218659017,0.01,,42,18_18,9216,10,mlp-cifar10tl-sgd,0,10,True,cifar10tl
0,0.1466400012373924,0.018017059577555,0.1925999999046325,0.0318211557620993,0.01,,42,33_33,9216,10,mlp-cifar10tl-sgd,0,10,True,cifar10tl
1,0.2624000012874603,0.0325748358130263,0.2792099982500076,0.0511363722673469,0.01,,42,33_33,9216,10,mlp-cifar10tl-sgd,0,10,True,cifar10tl
2,0.3538399994373321,0.0395090654949999,0.3444699972867965,0.0498521388491231,0.01,,42,33_33,9216,10,mlp-cifar10tl-sgd,0,10,True,cifar10tl
3,0.4404799997806549,0.0418961798370645,0.4082200020551682,0.0474978521996784,0.01,,42,33_33,9216,10,mlp-cifar10tl-sgd,0,10,True,cifar10tl
4,0.5255999952554703,0.0355635778016733,0.4694599956274032,0.0438983818731565,0.01,,42,33_33,9216,10,mlp-cifar10tl-sgd,0,10,True,cifar10tl
5,0.5998399972915649,0.0390196674712107,0.525029993057251,0.0381676844550481,0.01,,42,33_33,9216,10,mlp-cifar10tl-sgd,0,10,True,cifar10tl
6,0.653520005941391,0.0336636527877047,0.5618499994277955,0.0316748979788767,0.01,,42,33_33,9216,10,mlp-cifar10tl-sgd,0,10,True,cifar10tl
7,0.6969600021839142,0.0235553472912414,0.5897200167179107,0.0291994118592828,0.01,,42,33_33,9216,10,mlp-cifar10tl-sgd,0,10,True,cifar10tl
8,0.7263999998569488,0.0186933113824774,0.6100299954414368,0.0265792430122122,0.01,,42,33_33,9216,10,mlp-cifar10tl-sgd,0,10,True,cifar10tl
9,0.7521600067615509,0.0154082614941474,0.6252099931240082,0.0254064784832706,0.01,,42,33_33,9216,10,mlp-cifar10tl-sgd,0,10,True,cifar10tl
10,0.7739200055599212,0.0155422610917251,0.6388199985027313,0.0220308265693561,0.01,,42,33_33,9216,10,mlp-cifar10tl-sgd,0,10,True,cifar10tl
11,0.7928000032901764,0.0152336462896716,0.6510900139808655,0.0196492511992365,0.01,,42,33_33,9216,10,mlp-cifar10tl-sgd,0,10,True,cifar10tl
12,0.8101599931716919,0.0137546456250216,0.6609000027179718,0.0170997695212502,0.01,,42,33_33,9216,10,mlp-cifar10tl-sgd,0,10,True,cifar10tl
13,0.8241599977016449,0.0135424726193438,0.6700800120830536,0.014664498292754,0.01,,42,33_33,9216,10,mlp-cifar10tl-sgd,0,10,True,cifar10tl
14,0.840719997882843,0.014241122604984,0.6775299966335296,0.012790169598115,0.01,,42,33_33,9216,10,mlp-cifar10tl-sgd,0,10,True,cifar10tl
15,0.8587999999523163,0.0147263121836735,0.6842399954795837,0.0111652454689857,0.01,,42,33_33,9216,10,mlp-cifar10tl-sgd,0,10,True,cifar10tl
16,0.8728800058364868,0.0140465546525764,0.689079999923706,0.0098189405270374,0.01,,42,33_33,9216,10,mlp-cifar10tl-sgd,0,10,True,cifar10tl
17,0.8863199949264526,0.0151174608953645,0.6935999989509583,0.008863511845754,0.01,,42,33_33,9216,10,mlp-cifar10tl-sgd,0,10,True,cifar10tl
18,0.8983200132846832,0.013677188574535,0.6981099963188171,0.0083998128232062,0.01,,42,33_33,9216,10,mlp-cifar10tl-sgd,0,10,True,cifar10tl
19,0.9091200053691864,0.0126551735776483,0.7009600043296814,0.0079629483850838,0.01,,42,33_33,9216,10,mlp-cifar10tl-sgd,0,10,True,cifar10tl
20,0.9190400004386902,0.0122522763298416,0.7040600001811981,0.0076656670500561,0.01,,42,33_33,9216,10,mlp-cifar10tl-sgd,0,10,True,cifar10tl
21,0.9294400036334992,0.0124131513193819,0.7066999971866608,0.0073119151369803,0.01,,42,33_33,9216,10,mlp-cifar10tl-sgd,0,10,True,cifar10tl
22,0.9390400052070618,0.0124953770819237,0.7088700056076049,0.0066944939860918,0.01,,42,33_33,9216,10,mlp-cifar10tl-sgd,0,10,True,cifar10tl
23,0.9473599970340728,0.0113858844989582,0.71110999584198,0.0064667567707622,0.01,,42,33_33,9216,10,mlp-cifar10tl-sgd,0,10,True,cifar10tl
24,0.9551200032234192,0.0103410695059831,0.7129899978637695,0.0058045559968999,0.01,,42,33_33,9216,10,mlp-cifar10tl-sgd,0,10,True,cifar10tl
25,0.9606399953365324,0.0103184454153789,0.7142600059509278,0.0055091229524362,0.01,,42,33_33,9216,10,mlp-cifar10tl-sgd,0,10,True,cifar10tl
26,0.9655200004577636,0.0090116401458327,0.7157400071620941,0.0051643255308189,0.01,,42,33_33,9216,10,mlp-cifar10tl-sgd,0,10,True,cifar10tl
27,0.9701600074768066,0.0083526291684811,0.7170899868011474,0.0054316629127597,0.01,,42,33_33,9216,10,mlp-cifar10tl-sgd,0,10,True,cifar10tl
28,0.973279994726181,0.007368685186925,0.7180399954319,0.0055118333954073,0.01,,42,33_33,9216,10,mlp-cifar10tl-sgd,0,10,True,cifar10tl
29,0.9774399936199188,0.0064279355153772,0.7189100027084351,0.0053208021902115,0.01,,42,33_33,9216,10,mlp-cifar10tl-sgd,0,10,True,cifar10tl
30,0.9812799990177156,0.0055793861267706,0.7199000000953675,0.0053911081411672,0.01,,42,33_33,9216,10,mlp-cifar10tl-sgd,0,10,True,cifar10tl
31,0.9843199968338012,0.0047355685657349,0.7207300007343292,0.0052169121208689,0.01,,42,33_33,9216,10,mlp-cifar10tl-sgd,0,10,True,cifar10tl
32,0.9864800035953522,0.0039751192757241,0.7216600000858306,0.0053130429600271,0.01,,42,33_33,9216,10,mlp-cifar10tl-sgd,0,10,True,cifar10tl
33,0.9888799905776976,0.0039265175701282,0.7221199989318847,0.0053797439965399,0.01,,42,33_33,9216,10,mlp-cifar10tl-sgd,0,10,True,cifar10tl
34,0.9905599892139436,0.0034650302378355,0.7228500127792359,0.0051744073747945,0.01,,42,33_33,9216,10,mlp-cifar10tl-sgd,0,10,True,cifar10tl
35,0.991759991645813,0.0029295815960619,0.7232700049877167,0.0052107712031567,0.01,,42,33_33,9216,10,mlp-cifar10tl-sgd,0,10,True,cifar10tl
36,0.992880004644394,0.002541184251443,0.7237900018692016,0.0054204162835684,0.01,,42,33_33,9216,10,mlp-cifar10tl-sgd,0,10,True,cifar10tl
37,0.9939999938011168,0.0021540647540749,0.7242000043392182,0.0051625599207241,0.01,,42,33_33,9216,10,mlp-cifar10tl-sgd,0,10,True,cifar10tl
38,0.9947200000286104,0.0019332830851136,0.7245200037956238,0.0049865359811027,0.01,,42,33_33,9216,10,mlp-cifar10tl-sgd,0,10,True,cifar10tl
39,0.9952800095081328,0.0016951603290536,0.7249499976634979,0.0050642285860939,0.01,,42,33_33,9216,10,mlp-cifar10tl-sgd,0,10,True,cifar10tl
40,0.9960799872875212,0.0014945202383126,0.725249993801117,0.0051466991748095,0.01,,42,33_33,9216,10,mlp-cifar10tl-sgd,0,10,True,cifar10tl
41,0.99679998755455,0.0012899608967889,0.7252400040626525,0.0052341530800349,0.01,,42,33_33,9216,10,mlp-cifar10tl-sgd,0,10,True,cifar10tl
42,0.9971199929714204,0.0011426278596455,0.7255400121212006,0.0052864355935761,0.01,,42,33_33,9216,10,mlp-cifar10tl-sgd,0,10,True,cifar10tl
43,0.9978399872779846,0.0012419311941947,0.7257899940013885,0.0053251202610886,0.01,,42,33_33,9216,10,mlp-cifar10tl-sgd,0,10,True,cifar10tl
44,0.9979999899864196,0.0012521964163826,0.7262499928474426,0.0051863734586449,0.01,,42,33_33,9216,10,mlp-cifar10tl-sgd,0,10,True,cifar10tl
45,0.9983999907970428,0.0012393525655404,0.7263700008392334,0.0052663131498415,0.01,,42,33_33,9216,10,mlp-cifar10tl-sgd,0,10,True,cifar10tl
46,0.9987199902534484,0.0008158405675166,0.7265899956226349,0.005125705575978,0.01,,42,33_33,9216,10,mlp-cifar10tl-sgd,0,10,True,cifar10tl
47,0.9987999856472016,0.0007375663444579,0.7265999972820282,0.0051474140919792,0.01,,42,33_33,9216,10,mlp-cifar10tl-sgd,0,10,True,cifar10tl
48,0.999039989709854,0.0006974233300628,0.7266000092029572,0.0050641926800633,0.01,,42,33_33,9216,10,mlp-cifar10tl-sgd,0,10,True,cifar10tl
49,0.9992799878120422,0.0005600094795227,0.7268000066280365,0.0052990655714272,0.01,,42,33_33,9216,10,mlp-cifar10tl-sgd,0,10,True,cifar10tl
0,0.1175200007855892,0.0089474901850528,0.1352299988269805,0.0188128164780041,0.01,,42,5_5,9216,10,mlp-cifar10tl-sgd,0,10,True,cifar10tl
1,0.1412000000476837,0.016647885151258,0.1547200009226799,0.0289252426490548,0.01,,42,5_5,9216,10,mlp-cifar10tl-sgd,0,10,True,cifar10tl
2,0.1540800012648105,0.0229955133350706,0.1629100009799003,0.0379790577663201,0.01,,42,5_5,9216,10,mlp-cifar10tl-sgd,0,10,True,cifar10tl
3,0.1737600013613701,0.0250281139835979,0.1806599974632263,0.0269193673123093,0.01,,42,5_5,9216,10,mlp-cifar10tl-sgd,0,10,True,cifar10tl
4,0.2008800014853477,0.0300238880132037,0.1978699997067451,0.031284436345731,0.01,,42,5_5,9216,10,mlp-cifar10tl-sgd,0,10,True,cifar10tl
5,0.2212799981236458,0.0307395761214316,0.2078099980950355,0.0248169856803111,0.01,,42,5_5,9216,10,mlp-cifar10tl-sgd,0,10,True,cifar10tl
6,0.2395200014114379,0.0264247165772,0.2322999984025955,0.0257120935055677,0.01,,42,5_5,9216,10,mlp-cifar10tl-sgd,0,10,True,cifar10tl
7,0.2597599998116493,0.0249852442760412,0.2376500010490417,0.0288400853096866,0.01,,42,5_5,9216,10,mlp-cifar10tl-sgd,0,10,True,cifar10tl
8,0.2730400010943413,0.0269827778779216,0.2504900023341179,0.0300981884102739,0.01,,42,5_5,9216,10,mlp-cifar10tl-sgd,0,10,True,cifar10tl
9,0.2819999992847443,0.0310029687846743,0.2544100001454353,0.0304153363403107,0.01,,42,5_5,9216,10,mlp-cifar10tl-sgd,0,10,True,cifar10tl
10,0.294319999217987,0.032299496080797,0.2654100030660629,0.0361229688641137,0.01,,42,5_5,9216,10,mlp-cifar10tl-sgd,0,10,True,cifar10tl
11,0.3113600015640259,0.035622553733408,0.2727399989962578,0.0317077012775213,0.01,,42,5_5,9216,10,mlp-cifar10tl-sgd,0,10,True,cifar10tl
12,0.3219200044870376,0.0388707816867143,0.2824699983000755,0.0371833282752809,0.01,,42,5_5,9216,10,mlp-cifar10tl-sgd,0,10,True,cifar10tl
13,0.3344800025224685,0.0462846155658565,0.2872699990868568,0.0370706929144544,0.01,,42,5_5,9216,10,mlp-cifar10tl-sgd,0,10,True,cifar10tl
14,0.3533600032329559,0.0536322875283854,0.3046000003814697,0.0407222300973824,0.01,,42,5_5,9216,10,mlp-cifar10tl-sgd,0,10,True,cifar10tl
15,0.375040003657341,0.0578282174252084,0.3168099969625473,0.0472898794846295,0.01,,42,5_5,9216,10,mlp-cifar10tl-sgd,0,10,True,cifar10tl
16,0.397120001912117,0.0631515759199592,0.3311300054192543,0.048500806886516,0.01,,42,5_5,9216,10,mlp-cifar10tl-sgd,0,10,True,cifar10tl
17,0.4225600033998489,0.0633434315288472,0.3436000049114227,0.0439494230463942,0.01,,42,5_5,9216,10,mlp-cifar10tl-sgd,0,10,True,cifar10tl
18,0.4377600014209747,0.0707760837599002,0.3524899989366531,0.0485414111998776,0.01,,42,5_5,9216,10,mlp-cifar10tl-sgd,0,10,True,cifar10tl
19,0.4536800026893616,0.0797760550640641,0.3594499975442886,0.0477146404324281,0.01,,42,5_5,9216,10,mlp-cifar10tl-sgd,0,10,True,cifar10tl
20,0.46632000207901,0.08322034490265,0.3719499975442886,0.0510802772633843,0.01,,42,5_5,9216,10,mlp-cifar10tl-sgd,0,10,True,cifar10tl
21,0.4835999995470047,0.0868368639437141,0.3784400016069412,0.0482517816682642,0.01,,42,5_5,9216,10,mlp-cifar10tl-sgd,0,10,True,cifar10tl
22,0.4960799992084503,0.0884225837466181,0.390870001912117,0.0530913008119391,0.01,,42,5_5,9216,10,mlp-cifar10tl-sgd,0,10,True,cifar10tl
23,0.5170399993658066,0.0932945730146944,0.39685999751091,0.0534625319900458,0.01,,42,5_5,9216,10,mlp-cifar10tl-sgd,0,10,True,cifar10tl
24,0.5283200055360794,0.0996282436302036,0.4014499992132186,0.0555829318493777,0.01,,42,5_5,9216,10,mlp-cifar10tl-sgd,0,10,True,cifar10tl
25,0.5285600036382675,0.0894770939123352,0.4083100020885467,0.0520254247087383,0.01,,42,5_5,9216,10,mlp-cifar10tl-sgd,0,10,True,cifar10tl
26,0.5429600000381469,0.0897413555424374,0.403030002117157,0.0478465671798582,0.01,,42,5_5,9216,10,mlp-cifar10tl-sgd,0,10,True,cifar10tl
27,0.5512000054121018,0.0951731096591518,0.4248199969530105,0.0610190274076747,0.01,,42,5_5,9216,10,mlp-cifar10tl-sgd,0,10,True,cifar10tl
28,0.5683999925851821,0.1023069841196242,0.4175500005483627,0.0591822183960689,0.01,,42,5_5,9216,10,mlp-cifar10tl-sgd,0,10,True,cifar10tl
29,0.5803199946880341,0.1082847795856846,0.4349400013685226,0.0669187736713392,0.01,,42,5_5,9216,10,mlp-cifar10tl-sgd,0,10,True,cifar10tl
30,0.5971999943256379,0.1088601233849511,0.4331800013780594,0.0612072081214668,0.01,,42,5_5,9216,10,mlp-cifar10tl-sgd,0,10,True,cifar10tl
31,0.6117599934339524,0.1160193317646123,0.4450600057840347,0.0691639404678068,0.01,,42,5_5,9216,10,mlp-cifar10tl-sgd,0,10,True,cifar10tl
32,0.6227200001478195,0.1092345566747971,0.4409100025892257,0.0604120940780196,0.01,,42,5_5,9216,10,mlp-cifar10tl-sgd,0,10,True,cifar10tl
33,0.6380000144243241,0.1103276601166329,0.4561199963092804,0.0641428407224684,0.01,,42,5_5,9216,10,mlp-cifar10tl-sgd,0,10,True,cifar10tl
34,0.6461599946022034,0.0979547944261914,0.4604900032281875,0.0539930084296407,0.01,,42,5_5,9216,10,mlp-cifar10tl-sgd,0,10,True,cifar10tl
35,0.6752000093460083,0.0989732847382996,0.472979998588562,0.0647661764366504,0.01,,42,5_5,9216,10,mlp-cifar10tl-sgd,0,10,True,cifar10tl
36,0.6715999960899353,0.1064308403314166,0.4706699877977371,0.0525019779141272,0.01,,42,5_5,9216,10,mlp-cifar10tl-sgd,0,10,True,cifar10tl
37,0.6926399946212769,0.1024948204738303,0.4817200034856796,0.0642252029433152,0.01,,42,5_5,9216,10,mlp-cifar10tl-sgd,0,10,True,cifar10tl
38,0.7099999964237214,0.0977043687313014,0.4895400017499923,0.0527944961069429,0.01,,42,5_5,9216,10,mlp-cifar10tl-sgd,0,10,True,cifar10tl
39,0.7212000012397766,0.1051202737665617,0.4903899937868118,0.0615515944432518,0.01,,42,5_5,9216,10,mlp-cifar10tl-sgd,0,10,True,cifar10tl
40,0.726800000667572,0.113283651198691,0.4960200041532516,0.0525174208618064,0.01,,42,5_5,9216,10,mlp-cifar10tl-sgd,0,10,True,cifar10tl
41,0.7425600051879883,0.1031148831672424,0.4998300075531006,0.0601657466270922,0.01,,42,5_5,9216,10,mlp-cifar10tl-sgd,0,10,True,cifar10tl
42,0.738560003042221,0.1150041636283876,0.5015000015497207,0.0492282612931417,0.01,,42,5_5,9216,10,mlp-cifar10tl-sgd,0,10,True,cifar10tl
43,0.760640001296997,0.0964335560063975,0.508189994096756,0.0537144208238275,0.01,,42,5_5,9216,10,mlp-cifar10tl-sgd,0,10,True,cifar10tl
44,0.7591200053691864,0.1122519652187159,0.4889799922704697,0.0749832369468672,0.01,,42,5_5,9216,10,mlp-cifar10tl-sgd,0,10,True,cifar10tl
45,0.7560800075531006,0.1140006696644849,0.5177700042724609,0.0505099009544722,0.01,,42,5_5,9216,10,mlp-cifar10tl-sgd,0,10,True,cifar10tl
46,0.8009599924087525,0.0945570205809868,0.5179699957370758,0.0462240651750862,0.01,,42,5_5,9216,10,mlp-cifar10tl-sgd,0,10,True,cifar10tl
47,0.8067199945449829,0.0955470699132449,0.5101799994707108,0.0677369742085187,0.01,,42,5_5,9216,10,mlp-cifar10tl-sgd,0,10,True,cifar10tl
48,0.8051200091838837,0.1208170569577997,0.5209399968385696,0.049516926083036,0.01,,42,5_5,9216,10,mlp-cifar10tl-sgd,0,10,True,cifar10tl
49,0.8101599991321564,0.1172108102391928,0.523010003566742,0.0490738163423347,0.01,,42,5_5,9216,10,mlp-cifar10tl-sgd,0,10,True,cifar10tl
0,0.1613599985837936,0.0203554006771837,0.226979997754097,0.0385055280754823,0.01,,42,70_70,9216,10,mlp-cifar10tl-sgd,0,10,True,cifar10tl
1,0.2976800009608268,0.03858364811487,0.3222799986600876,0.0315200204562334,0.01,,42,70_70,9216,10,mlp-cifar10tl-sgd,0,10,True,cifar10tl
2,0.4128800004720688,0.0341993228586892,0.3951499938964843,0.0345952414473812,0.01,,42,70_70,9216,10,mlp-cifar10tl-sgd,0,10,True,cifar10tl
3,0.5024800062179565,0.0312111820360134,0.4609299957752227,0.048814951347825,0.01,,42,70_70,9216,10,mlp-cifar10tl-sgd,0,10,True,cifar10tl
4,0.5833599954843521,0.0389507137742695,0.5196600049734116,0.0567695375583791,0.01,,42,70_70,9216,10,mlp-cifar10tl-sgd,0,10,True,cifar10tl
5,0.6495999991893768,0.0374687027256762,0.5656799972057343,0.0514284168803144,0.01,,42,70_70,9216,10,mlp-cifar10tl-sgd,0,10,True,cifar10tl
6,0.6951200127601623,0.0294362052615019,0.5958700060844422,0.0453270289638953,0.01,,42,70_70,9216,10,mlp-cifar10tl-sgd,0,10,True,cifar10tl
7,0.727920001745224,0.0280444155016318,0.6153000056743622,0.0401377041840836,0.01,,42,70_70,9216,10,mlp-cifar10tl-sgd,0,10,True,cifar10tl
8,0.7544799983501435,0.0251114690014479,0.631770008802414,0.0357178700830364,0.01,,42,70_70,9216,10,mlp-cifar10tl-sgd,0,10,True,cifar10tl
9,0.7743200063705444,0.0207335863436018,0.6455900013446808,0.0332518459707231,0.01,,42,70_70,9216,10,mlp-cifar10tl-sgd,0,10,True,cifar10tl
10,0.7951199948787689,0.0202589700648001,0.6574599981307984,0.0311649543635102,0.01,,42,70_70,9216,10,mlp-cifar10tl-sgd,0,10,True,cifar10tl
11,0.815200001001358,0.019266547801747,0.6671399950981141,0.0288853959406143,0.01,,42,70_70,9216,10,mlp-cifar10tl-sgd,0,10,True,cifar10tl
12,0.8327999949455261,0.0210902846184179,0.6758799970149993,0.0274282614614391,0.01,,42,70_70,9216,10,mlp-cifar10tl-sgd,0,10,True,cifar10tl
13,0.8490399897098542,0.0185491278998555,0.6838199913501739,0.0254344951479454,0.01,,42,70_70,9216,10,mlp-cifar10tl-sgd,0,10,True,cifar10tl
14,0.8624000012874603,0.0176979097280874,0.6908800005912781,0.0234445667687516,0.01,,42,70_70,9216,10,mlp-cifar10tl-sgd,0,10,True,cifar10tl
15,0.8769600033760071,0.0171498777191014,0.6970699965953827,0.0217788423682469,0.01,,42,70_70,9216,10,mlp-cifar10tl-sgd,0,10,True,cifar10tl
16,0.8903199911117554,0.0145523052601722,0.702510005235672,0.0189820696271948,0.01,,42,70_70,9216,10,mlp-cifar10tl-sgd,0,10,True,cifar10tl
17,0.9012800097465516,0.0111093533957031,0.7070300042629242,0.0170905775673827,0.01,,42,70_70,9216,10,mlp-cifar10tl-sgd,0,10,True,cifar10tl
18,0.9116000056266784,0.010171332388806,0.7112900018692017,0.0156925035522648,0.01,,42,70_70,9216,10,mlp-cifar10tl-sgd,0,10,True,cifar10tl
19,0.9228800117969512,0.0107343176629902,0.7147800028324127,0.0144577913429129,0.01,,42,70_70,9216,10,mlp-cifar10tl-sgd,0,10,True,cifar10tl
20,0.931360000371933,0.0104478876909304,0.7178000032901763,0.0140083664168338,0.01,,42,70_70,9216,10,mlp-cifar10tl-sgd,0,10,True,cifar10tl
21,0.940400004386902,0.0104812149285829,0.7205799996852875,0.0124081297661114,0.01,,42,70_70,9216,10,mlp-cifar10tl-sgd,0,10,True,cifar10tl
22,0.9471200048923492,0.0091385836086169,0.7230900049209594,0.0114449569322304,0.01,,42,70_70,9216,10,mlp-cifar10tl-sgd,0,10,True,cifar10tl
23,0.9541599988937378,0.0087126527972586,0.7254000008106232,0.0107449436159957,0.01,,42,70_70,9216,10,mlp-cifar10tl-sgd,0,10,True,cifar10tl
24,0.961920005083084,0.0083767299579488,0.7274700045585633,0.0097804889875054,0.01,,42,70_70,9216,10,mlp-cifar10tl-sgd,0,10,True,cifar10tl
25,0.9672799944877624,0.0074313895668589,0.7293099999427796,0.0091303226817298,0.01,,42,70_70,9216,10,mlp-cifar10tl-sgd,0,10,True,cifar10tl
26,0.9724799990653992,0.005567900556573,0.7309599995613099,0.0084418199292012,0.01,,42,70_70,9216,10,mlp-cifar10tl-sgd,0,10,True,cifar10tl
27,0.9767199993133544,0.0045318497404463,0.7323000013828278,0.0079821026690102,0.01,,42,70_70,9216,10,mlp-cifar10tl-sgd,0,10,True,cifar10tl
28,0.9812000095844268,0.0033988156230824,0.7332799971103668,0.0072520114271465,0.01,,42,70_70,9216,10,mlp-cifar10tl-sgd,0,10,True,cifar10tl
29,0.9839999914169312,0.0035236345912383,0.7341800034046173,0.0068451139841127,0.01,,42,70_70,9216,10,mlp-cifar10tl-sgd,0,10,True,cifar10tl
30,0.9867200016975404,0.003545361046783,0.7350599944591523,0.0064408340365262,0.01,,42,70_70,9216,10,mlp-cifar10tl-sgd,0,10,True,cifar10tl
31,0.9890399992465972,0.0032407362177414,0.7357800006866455,0.0062343906957024,0.01,,42,70_70,9216,10,mlp-cifar10tl-sgd,0,10,True,cifar10tl
32,0.990479987859726,0.0032089755756156,0.7364800095558166,0.0060621482456541,0.01,,42,70_70,9216,10,mlp-cifar10tl-sgd,0,10,True,cifar10tl
33,0.9922399997711182,0.0027724334934983,0.7368799984455109,0.0058054744286088,0.01,,42,70_70,9216,10,mlp-cifar10tl-sgd,0,10,True,cifar10tl
34,0.9936800062656402,0.0028944097870944,0.7375100016593933,0.0056775766512216,0.01,,42,70_70,9216,10,mlp-cifar10tl-sgd,0,10,True,cifar10tl
35,0.9947200000286104,0.0024579713877826,0.7377300024032593,0.0057751284911746,0.01,,42,70_70,9216,10,mlp-cifar10tl-sgd,0,10,True,cifar10tl
36,0.9953599989414216,0.0021703568477692,0.7381900072097778,0.0055683865699995,0.01,,42,70_70,9216,10,mlp-cifar10tl-sgd,0,10,True,cifar10tl
37,0.9960800051689148,0.0019742355660384,0.7385300040245056,0.0054772417802743,0.01,,42,70_70,9216,10,mlp-cifar10tl-sgd,0,10,True,cifar10tl
38,0.9963200032711028,0.0019661088489958,0.7390699982643127,0.0053706839331182,0.01,,42,70_70,9216,10,mlp-cifar10tl-sgd,0,10,True,cifar10tl
39,0.9968800008296966,0.0016179010301389,0.7394300103187561,0.0052780739017421,0.01,,42,70_70,9216,10,mlp-cifar10tl-sgd,0,10,True,cifar10tl
40,0.9974400043487548,0.0015919727021891,0.739680004119873,0.0050491176747178,0.01,,42,70_70,9216,10,mlp-cifar10tl-sgd,0,10,True,cifar10tl
41,0.9978399991989136,0.0014772817445642,0.7400600016117096,0.0048458710180142,0.01,,42,70_70,9216,10,mlp-cifar10tl-sgd,0,10,True,cifar10tl
42,0.9983199894428252,0.0010998120713442,0.7401899933815003,0.0048835440207827,0.01,,42,70_70,9216,10,mlp-cifar10tl-sgd,0,10,True,cifar10tl
43,0.9983999848365784,0.0010733085846299,0.7404799938201905,0.0045672261641988,0.01,,42,70_70,9216,10,mlp-cifar10tl-sgd,0,10,True,cifar10tl
44,0.998639988899231,0.0008039823082956,0.7405799984931946,0.0044058625199518,0.01,,42,70_70,9216,10,mlp-cifar10tl-sgd,0,10,True,cifar10tl
45,0.9987199902534484,0.0006399899722186,0.7407399952411652,0.0043481421420848,0.01,,42,70_70,9216,10,mlp-cifar10tl-sgd,0,10,True,cifar10tl
46,0.9988799929618836,0.0006399869918823,0.7408500015735626,0.0041398698628335,0.01,,42,70_70,9216,10,mlp-cifar10tl-sgd,0,10,True,cifar10tl
47,0.9988799929618836,0.0006399869918823,0.7408200025558471,0.0043947263755169,0.01,,42,70_70,9216,10,mlp-cifar10tl-sgd,0,10,True,cifar10tl
48,0.999039989709854,0.000598660979005,0.7407700061798096,0.0041501952928016,0.01,,42,70_70,9216,10,mlp-cifar10tl-sgd,0,10,True,cifar10tl
49,0.9993599891662598,0.0003200054168701,0.7407900035381317,0.0041268486593192,0.01,,42,70_70,9216,10,mlp-cifar10tl-sgd,0,10,True,cifar10tl
